ID,Number,Category,Flags,Question_EN,Question_Hinglish,Answer_Hinglish,Answer_EN,Tags,Keywords
kb-001,1,Buying a Property,,What should I check before buying a home in India?,Ghar kharidne se pehle kya-kya dekhna chahiye?,"Budget (EMI take-home income ka lagbhag 40% tak), location aur connectivity, builder ka track record, RERA registration, clear title, approvals/OC, carpet area aur total cost (stamp duty, GST, maintenance) check karein. Site visit zaroor karein aur documents kisi lawyer se verify karwayein.","Check budget (EMI within ~40% of take-home income), location and connectivity, builder's track record, RERA registration, clear title, approvals/Occupancy Certificate, usable carpet area, and all-inclusive costs (stamp duty, GST, maintenance). Always conduct a physical site visit and get documents verified by an independent lawyer.","buying, home purchase, property buying","before, budget, buying, carpet area, check, gst, home, india, registration, rera, site visit, stamp duty"
kb-002,2,Buying a Property,,"Flat or independent house, which is better?",Flat lein ya independent house/villa?,"Flat me security, amenities aur kam maintenance effort milta hai, lekin land ka hissa chhota hota hai. Independent house me privacy aur zyada land value milti hai, par maintenance aur security aapki zimmedari hoti hai. Budget, city aur lifestyle dekh kar choose karein.","Flats offer security, amenities, and lower maintenance burden, but have a smaller undivided share of land. Independent houses provide privacy, freedom, and higher land value, but maintenance and security are your responsibility. Choose based on your budget, city, and lifestyle.","buying, home purchase, property buying","better, budget, flat, house, independent, independent house, villa"
kb-003,3,Buying a Property,,Ready-to-move or under-construction property?,Ready-to-move lein ya under-construction?,"Ready-to-move me ghar dekh kar lete hain, possession turant milta hai aur OC ke saath GST nahi lagta. Under-construction me price kam aur payment plan flexible ho sakta hai, par delay ka risk rehta hai. RERA-registered aur trusted builder ho to under-construction bhi theek hai.","Ready-to-move properties allow physical inspection, offer immediate possession, and attract 0% GST with an Occupancy Certificate (OC). Under-construction homes are often lower priced with flexible payment plans, but carry possession delay risk. If buying under-construction, ensure the builder is RERA-registered and reputable.","buying, home purchase, property buying","construction, gst, move, property, ready, rera, under"
kb-004,4,Buying a Property,F,How much home budget is right for my income?,Meri income ke hisab se kitne budget ka ghar lena chahiye?,Thumb rule: total EMI net monthly income ke 40% se zyada na ho aur property price annual income ke lagbhag 3-5 guna ke andar rahe. Emergency fund aur dusre EMIs alag rakhein. INDSTATE ke EMI Calculator se comfortable budget check kar sakte hain.,"Thumb rule: Total monthly EMIs should not exceed 40% of net monthly income, and property price should remain within 3-5 times your annual income. Keep emergency funds and existing loans separate. You can check your comfortable budget using INDSTATE's EMI Calculator.","bank-advisory, buying, finance, home purchase, property buying","budget, emi calculator, home, income, much, right"
kb-005,5,Buying a Property,F,How much down payment is needed?,Down payment kitna dena padta hai?,"Bank aam taur par property value ka 75-90% loan deta hai, isliye 10-25% down payment lagta hai. Iske upar stamp duty, registration, GST aur brokerage jaise kharche alag hote hain, to total 15-30% cash ready rakhein.","Banks typically finance 75-90% of the property value, requiring a 10-25% down payment from the buyer. In addition, stamp duty, registration, GST, and brokerage fees are paid out-of-pocket, so keep 15-30% cash ready.","bank-advisory, buying, finance, home purchase, property buying","brokerage, down, down payment, gst, much, needed, payment, registration, stamp duty"
kb-006,6,Buying a Property,,What hidden costs come with buying a property?,Ghar kharidne me kaun-kaun se extra kharche lagte hain?,"Stamp duty, registration fee, GST (under-construction par), PLC/floor rise charges, parking, club membership, maintenance deposit, society transfer fee, loan processing fee, legal fees, brokerage aur interiors. Agreement sign karne se pehle sabka written estimate lein.","Extra expenses include stamp duty, registration fee, GST (on under-construction units), PLC/floor rise charges, parking, club membership, maintenance deposit, society transfer fees, loan processing fees, legal fees, brokerage, and interiors. Always obtain a written estimate of all costs before signing the agreement.","buying, home purchase, property buying","brokerage, buying, come, costs, gst, hidden, property, registration, rk, society transfer, stamp duty, with"
kb-007,7,Buying a Property,,"What is the difference between carpet, built-up and super built-up area?","Carpet area, built-up area aur super built-up area me kya farak hai?","Carpet area ghar ke andar ka actual usable floor area hai (deewaron ke andar). Built-up me deewaron ki motai aur balcony jodi jaati hai. Super built-up me lift, staircase, lobby jaise common areas ka hissa bhi judta hai. RERA me price carpet area par batana zaroori hai.","Carpet area is the actual usable net floor area enclosed within inner walls. Built-up area includes wall thickness and balcony. Super built-up area includes common areas like elevators, staircases, and lobby. Under RERA regulations, developers must quote prices strictly on carpet area.","buying, home purchase, property buying","and, area, between, built, carpet, carpet area, difference, rera, super"
kb-008,8,Buying a Property,,How much loading is there in super built-up area?,Super built-up me kitna loading hota hai?,"Loading aam taur par 20-40% tak ho sakti hai, project aur city ke hisab se badalti hai. Isliye price per sq ft ko hamesha carpet area ke hisab se compare karein taaki asli rate pata chale.","Loading typically ranges between 20% to 40%, depending on the project type and city. Always compare price per square foot based on carpet area to determine the genuine rate.","buying, home purchase, property buying","area, built, carpet area, loading, much, super"
kb-009,9,Buying a Property,,"What do 1 BHK, 2 BHK and RK mean?","1 BHK, 2 BHK aur RK ka matlab kya hota hai?","BHK = Bedroom, Hall, Kitchen. 1 BHK me ek bedroom, ek hall aur kitchen; 2 BHK me do bedrooms. RK = Room Kitchen, yaani ek hi room aur kitchen, bina alag hall ke.","BHK stands for Bedroom, Hall, and Kitchen. A 1 BHK has one bedroom, hall, and kitchen; 2 BHK has two bedrooms. RK stands for Room Kitchen—a single multipurpose room with kitchen, without a separate living hall.","buying, home purchase, property buying","1 bhk, 2 bhk, and, bhk, mean, rk"
kb-010,10,Buying a Property,L,What is the difference between freehold and leasehold property?,Freehold aur leasehold property me kya farak hai?,Freehold me aap land aur building ke poore owner hote hain. Leasehold me land ek fixed period (jaise 30-99 saal) ke liye lease par hoti hai aur transfer/renewal ke liye authority ki permission ya charges lag sakte hain. Loan aur resale me freehold aasan rehta hai.,"In freehold property, you own both the land and the building outright. In leasehold property, the land is leased for a fixed period (such as 30-99 years), and transfer or renewal requires authority permission and fees. Freehold properties are easier to finance and resell.","buying, home purchase, lawyer-verification, legal, property buying","and, between, difference, freehold, leasehold, property, resale"
kb-011,11,Buying a Property,T,Are there benefits for first-time home buyers?,First-time buyer ko koi benefit milta hai?,"Home loan par tax deduction milta hai (old tax regime me), aur kuch states me first-time ya women buyers ko stamp duty concession milta hai. Government subsidy schemes (jaise PMAY) ki eligibility aur period badalti rehti hai, isliye latest details official portal ya bank se confirm karein.","First-time buyers can claim income tax deductions on home loan interest and principal (under the old tax regime), and some states offer stamp duty concessions for first-time or female buyers. Government subsidy schemes like PMAY have evolving guidelines, so check latest eligibility on official portals or via your bank.","buying, ca-consultation, home purchase, property buying, tax","benefits, buyers, first, home, stamp duty, time"
kb-012,12,Buying a Property,F,Should I rent or buy a house?,Kiraye pe rahun ya ghar kharidun?,Agar aap ek hi city me 7-10 saal se zyada rehne wale hain aur EMI comfortably afford kar sakte hain to buying achha hai. Kam time ya job mobility ho to rent flexible rehta hai. Down payment aur EMI ko rent + investment ke saath compare karke dekhein.,"If you plan to stay in the same city for 7-10+ years and can comfortably service the EMI, buying is beneficial. If you require short-term stay or job mobility, renting is more flexible. Compare down payment and EMI against rent plus investment returns.","bank-advisory, buying, finance, home purchase, property buying","buy, down payment, house, rent, rk"
kb-013,13,Buying a Property,F,Is real estate a good investment?,Kya property me invest karna achha hai?,"Property long-term me stable ho sakti hai, par returns guaranteed nahi hote aur ye illiquid hoti hai (jaldi bechna mushkil). Residential rental yield aam taur par 2-4% ke aaspaas hoti hai. Location, timing aur builder quality sabse zyada matter karte hain.","Real estate can provide long-term stability, but returns are not guaranteed and properties are relatively illiquid. Average residential rental yields in India typically hover around 2-4%. Location, entry timing, and builder quality matter the most.","bank-advisory, buying, finance, home purchase, property buying","bechna, estate, good, investment, real"
kb-014,14,Buying a Property,,What should I check when buying a resale property?,Resale property kharidte waqt kya check karein?,"Seller ki ownership aur chain of title, Encumbrance Certificate, society NOC aur dues clear hone ka proof, property tax receipts, OC, aur loan (agar hai) ka status. Ghar ki physical condition (seepage, wiring, plumbing) bhi inspect karwayein.","Verify seller ownership and chain of title, Encumbrance Certificate, society NOC and dues clearance, property tax receipts, OC, and loan clearance status. Always have the physical condition (seepage, electrical wiring, plumbing) inspected.","buying, home purchase, property buying","buying, check, encumbrance certificate, property, property tax, resale"
kb-015,15,Buying a Property,,"Plot or flat, which one should I choose?",Plot lun ya flat?,"Plot me land appreciation zyada ho sakti hai aur design freedom milti hai, par construction cost aur security aapko dekhni padti hai. Flat me ready infrastructure aur amenities milte hain. Plot lete waqt approved layout, clear title aur RERA/authority approval zaroor check karein.","Plots offer higher land appreciation potential and design freedom, but you must manage construction costs and boundary security yourself. Flats come with ready infrastructure and amenities. When buying a plot, ensure layout approval, clear title, and RERA/authority sanction.","buying, home purchase, property buying","choose, flat, one, plot, rera"
kb-016,16,Buying a Property,,When is the best time to buy property?,Property kharidne ka best time kya hai?,"Koi ek perfect time nahi hota. Jab aapka budget, job stability aur down payment ready ho aur aapko pasand ki verified property mil jaye, wahi sahi time hai. Festive offers aur interest rate trends se thoda fayda mil sakta hai, par market timing par zyada depend na karein.","There is no single perfect time. When your budget, job stability, and down payment are ready, and you find a verified property that meets your requirements, that is the right time. Festive offers and interest rate cycles offer modest perks, but avoid depending heavily on market timing.","buying, home purchase, property buying","best, budget, buy, down payment, interest rate, property, rk, time"
kb-017,17,Buying a Property,,Does Vastu or facing direction really matter?,Vastu ya facing direction kitna zaroori hai?,"Vastu ek personal belief hai, iska koi legal ya technical role nahi hai. Practical taur par natural light, ventilation, privacy aur road/noise ka dhyan rakhna zyada important hai. Agar aapke liye Vastu zaroori hai to shortlist karte waqt hi check kar lein.","Vastu is a personal belief and has no legal or structural role. From a practical standpoint, natural daylight, cross-ventilation, privacy, and road/noise control are far more important. If Vastu is essential to you, verify orientation before shortlisting.","buying, home purchase, property buying","direction, does, facing, matter, really, vastu"
kb-018,18,Buying a Property,,Which floor is better to buy on?,Kaun si floor lena better hai?,"Lower floors par access aasan hota hai par noise/privacy aur dampness dhyan me rakhein. Higher floors par view, light aur hawa achhi milti hai par lift outage me dikkat ho sakti hai. Family me senior citizens hon to lower/mid floor practical rehti hai.","Lower floors offer quick accessibility (especially for senior citizens), but consider noise, privacy, and dampness. Higher floors offer panoramic views, better light, and ventilation, but lift outages can cause inconvenience. Mid-floors are often the balanced choice.","buying, home purchase, property buying","better, buy, floor"
kb-019,19,Buying a Property,,Can I negotiate the property price?,Kya property ka price negotiate ho sakta hai?,"Haan, khaaskar resale me. Nearby similar listings, recent deals aur property ki condition ko evidence banakar negotiate karein. Builders me price fix ho sakta hai par payment plan, parking ya free upgrades me flexibility mil sakti hai.","Yes, especially in resale properties. Use nearby registered deal values, comparable active listings, and property condition as leverage. Builders may have fixed base prices, but often offer flexibility on payment schedules, parking allotment, or free upgrades.","buying, home purchase, property buying","negotiate, price, property, resale, rk"
kb-020,20,Buying a Property,,How do I know if a property price is fair?,Kaise pata karein ki property ka price sahi hai ya nahi?,"Same locality ke similar properties ke listings compare karein, circle rate/ready reckoner rate dekhein aur recent registered deals ke baare me pata karein. INDSTATE ke Compare feature aur market insights se bhi rate benchmark kar sakte hain.","Compare active listings for similar properties in the same neighborhood, check government circle/ready-reckoner rates, and review recent registered transactions. You can also benchmark rates using INDSTATE's Compare tool and market insights.","buying, home purchase, property buying","circle rate, fair, know, price, property, ready reckoner, rk"
kb-021,21,Buying a Property,L,What is circle rate or ready reckoner rate?,Circle rate ya ready reckoner rate kya hota hai?,Ye government ka fixed minimum property value hota hai jis par stamp duty calculate hoti hai. Market price isse zyada ya kam ho sakta hai. Kai cases me registration circle rate se kam par allowed nahi hoti ya tax implications aate hain.,"Circle rate (or ready reckoner rate) is the government-mandated minimum valuation for property transactions in a locality, used to calculate stamp duty. Market prices may be higher or lower. Registering below circle rate is often restricted or incurs tax penalties under Section 50C.","buying, home purchase, lawyer-verification, legal, property buying","circle, circle rate, rate, ready, ready reckoner, reckoner, registration, rk, stamp duty"
kb-022,22,Buying a Property,L,Can I buy agricultural land or a farmhouse?,Kya main agricultural land ya farmhouse kharid sakta hu?,"Kai states me agricultural land sirf farmers/specific categories kharid sakte hain, aur NRIs ko agricultural land kharidne ki permission nahi hoti. Non-agricultural (NA) conversion aur land use rules state-wise alag hote hain, isliye local lawyer se pehle verify karein.","In several states, agricultural land can only be purchased by certified farmers or specific categories, and NRIs are not permitted to buy agricultural land. Non-agricultural (NA) conversion and land-use rules vary by state, so consult a local property lawyer first.","buying, home purchase, lawyer-verification, legal, property buying","agricultural, buy, farmhouse, land"
kb-023,23,Buying a Property,T,What are the benefits of joint ownership?,Joint ownership (do naam par property) ke kya fayde hain?,Dono co-owners apni share ke hisab se tax benefit claim kar sakte hain (agar dono co-borrower bhi hain). Kuch states me women co-owner ko stamp duty concession bhi milta hai. Ownership share aur legal implications document me clearly likhwayein.,Both co-owners can claim separate tax deductions on home loan principal and interest in proportion to their ownership share (provided both are co-borrowers). Some states also offer lower stamp duty when a woman is a co-owner. Ensure ownership shares are clearly stated in documents.,"buying, ca-consultation, home purchase, property buying, tax","benefits, joint, ownership, stamp duty"
kb-024,24,Buying a Property,T,Is there a stamp duty concession for women buyers?,Women ke naam par property lene par stamp duty me chhoot milti hai?,"Kai states me women buyers ko stamp duty par 1-2% ya kuch concession milta hai, lekin ye state aur time ke hisab se badalta rehta hai. Aapke state ka current rule sub-registrar office ya state portal par check karein.","Multiple states provide a 1-2% concession on stamp duty for female buyers, but rates and conditions vary by state and time. Check your state's current rules at the sub-registrar office or official state portal.","buying, ca-consultation, home purchase, property buying, tax","buyers, concession, duty, stamp, stamp duty, women"
kb-025,25,Buying a Property,L,Can I buy property in a family member's name?,Kya main property kisi family member ke naam par le sakta hu?,Spouse ya bachhe ke naam par apne known income sources se property lena aam taur par Benami Act me allowed hai. Dusre logon ke naam par lene se benami transaction ka risk ho sakta hai. Legal aur tax implications ke liye lawyer/CA se salah lein.,"Buying property in the name of a spouse or child using known, documented income sources is generally permissible under the Benami Transactions Act. Purchasing in the name of others carries severe legal and tax risks. Consult a lawyer and CA for specific advice.","buying, home purchase, lawyer-verification, legal, property buying","buy, family, member, name, property"
kb-026,26,Buying a Property,,What are the steps to buy a property in India?,India me property kharidne ke steps kya hain?,"1) Budget aur loan eligibility tay karein, 2) property shortlist karke site visit karein, 3) title aur RERA verify karein, 4) token amount dekar agreement for sale karein, 5) home loan sanction karwayein, 6) sale deed ka registration karwayein, 7) possession aur mutation/khata transfer karwayein.","Key steps to buy property in India: 1) Finalize budget and loan eligibility, 2) Shortlist properties and conduct site visits, 3) Verify title documents and RERA registration, 4) Pay token advance and execute Agreement for Sale, 5) Secure home loan sanction, 6) Execute and register Sale Deed at Sub-Registrar office, 7) Take physical possession and complete Municipal Khata/Mutation transfer.","buying, home purchase, property buying","budget, buy, india, khata, mutation, property, registration, rera, rk, site visit, steps, token"
kb-027,27,Home Loans & Finance,F,What decides home loan eligibility?,Home loan eligibility kaise decide hoti hai?,"Banks aapki net income, age, job/business stability, CIBIL score, existing EMIs aur property value dekhte hain. Aam taur par total EMI income ke 40-50% se zyada nahi hoti. Co-applicant jodne se eligibility badh sakti hai.","Banks evaluate net income, age, employment/business stability, CIBIL score, existing EMIs, and property valuation. Total EMIs generally should not exceed 40-50% of income. Adding an earning co-applicant can increase eligible loan amount.","bank-advisory, banking, emi, finance, home loan","cibil, cibil score, decides, eligibility, home, loan"
kb-028,28,Home Loans & Finance,F,Which documents are needed for a home loan?,Home loan ke liye kaun-kaun se documents chahiye?,"ID/address proof (Aadhaar, PAN), income proof (salary slips, Form 16, ITR, bank statements 6-12 mahine), employment/business proof, property documents (agreement, title papers, approvals) aur photographs. Self-employed ko ITR aur business proof zyada lagta hai.","Required documents include ID/address proofs (Aadhaar, PAN), income proof (salary slips, Form 16, ITR, 6-12 months bank statements), employment/business continuity proof, property documents (agreement, title papers, approvals), and photographs. Self-employed borrowers require additional business and tax filings.","bank-advisory, banking, emi, finance, home loan","documents, home, loan, needed"
kb-029,29,Home Loans & Finance,F,What CIBIL score is needed for a home loan?,Home loan ke liye CIBIL score kitna chahiye?,"Aam taur par 750 ya usse upar ka score achha maana jata hai aur better interest rate milne ke chances badhte hain. 650-750 me loan mil sakta hai par rate zyada ho sakta hai, aur usse kam par approval mushkil hota hai. Credit report samay-samay par check karte rahein.","A CIBIL credit score of 750 or higher is generally considered good and unlocks the most competitive interest rates. Scores between 650-750 may secure loans at higher interest spreads, while scores below 650 often face rejection or require additional collateral/co-borrowers.","bank-advisory, banking, emi, finance, home loan","cibil, cibil score, home, interest rate, loan, needed, score"
kb-030,30,Home Loans & Finance,F,"Fixed or floating interest rate, which is better?","Fixed ya floating interest rate, kaun sa better hai?","Floating rate market/repo rate ke saath change hota hai, aam taur par shuruaat me kam hota hai aur individuals ke liye prepayment penalty nahi hoti. Fixed rate me EMI predictable rehti hai par rate zyada ho sakta hai aur kai banks fixed period ke baad floating me convert karte hain. Long tenure ke liye zyada log floating choose karte hain.","Floating rates change in tandem with market/repo rates, are typically lower initially, and carry zero prepayment penalty for individual borrowers. Fixed rates offer predictable EMIs but carry higher initial rates, and often revert to floating after a fixed tenure. Floating is favored for long-term home loans.","bank-advisory, banking, emi, finance, home loan","better, fixed, fixed rate, floating, floating rate, interest, interest rate, prepayment, rate, repo rate, rk, tenure"
kb-031,31,Home Loans & Finance,F,How does the RBI repo rate affect my EMI?,Repo rate badhne ya girne se meri EMI par kya asar padta hai?,"Zyadatar floating home loans repo-linked (EBLR) hote hain. Repo rate badhne par interest rate badhta hai, jisse EMI ya loan tenure badh jata hai; girne par ulta hota hai. Rate change ke baad bank se poochein ki EMI badhi hai ya tenure.","Most retail floating home loans are linked to the RBI repo rate via EBLR. When repo rate rises, interest rate increases, which banks typically adjust by extending tenure or raising EMI; when repo rate drops, interest burden reduces. Always check with your bank whether EMI or tenure was modified.","bank-advisory, banking, emi, finance, home loan","affect, does, emi, interest rate, rate, rbi, repo, repo rate, tenure"
kb-032,32,Home Loans & Finance,F,What loan tenure should I choose?,Loan ka tenure kitna rakhna chahiye?,Lamba tenure me EMI kam hoti hai par total interest zyada dena padta hai. Chhota tenure me EMI zyada par interest bachta hai. Comfortable EMI rakhein aur jab bonus/extra paisa aaye to part-prepayment karke tenure kam karte jayein.,A longer loan tenure lowers your monthly EMI but increases the cumulative interest paid. A shorter tenure carries higher EMIs but saves substantial interest. Pick a comfortable EMI and use annual bonuses or surpluses to make regular part-prepayments to cut tenure.,"bank-advisory, banking, emi, finance, home loan","choose, loan, prepayment, rk, tenure"
kb-033,33,Home Loans & Finance,F,What is the home loan processing fee?,Home loan processing fee kitni lagti hai?,"Aam taur par loan amount ka lagbhag 0.25-1% plus GST hota hai, bank ke hisab se alag ho sakta hai. Kai banks festive offers me isse waive ya kam karte hain, isliye negotiate karein.","Processing fees typically range between 0.25% to 1% of the loan amount plus GST, depending on the lender. Many banks discount or waive processing fees during festive offers, so negotiate before applying.","bank-advisory, banking, emi, finance, home loan","fee, gst, home, loan, processing"
kb-034,34,Home Loans & Finance,F,What is a pre-approved home loan?,Pre-approved home loan kya hota hai?,"Isme bank aapki income aur credit profile ke basis par pehle se ek maximum loan limit approve kar deta hai, property final hone se pehle. Isse budget clear hota hai aur negotiation aasan hota hai, par final sanction property ke legal verification par depend karta hai.","A pre-approved home loan is an in-principle approval based on your income, credit history, and financial eligibility before you finalize a property. It clarifies your budget and strengthens price negotiations, though final sanction depends on legal and technical property clearance.","bank-advisory, banking, emi, finance, home loan","approved, budget, home, loan, pre"
kb-035,35,Home Loans & Finance,F,What is LTV (loan-to-value) in home loans?,LTV ratio kya hota hai?,"LTV = loan amount / property value. RBI norms ke hisab se aam taur par 30 lakh tak ke loan par 90%, 30-75 lakh par 80%, aur 75 lakh se upar par 75% tak LTV allowed hota hai. Baaki hissa aapko down payment ke roop me dena hota hai.","Loan-to-Value (LTV) is the ratio of loan amount to property valuation. Under RBI guidelines: Up to ₹30 Lakh loan allows up to 90% LTV, ₹30L to ₹75L allows up to 80% LTV, and loans above ₹75 Lakh allow up to 75% LTV. The remaining percentage represents the buyer's down payment.","bank-advisory, banking, emi, finance, home loan","down payment, home, loan, loans, ltv, value"
kb-036,36,Home Loans & Finance,F,Are there prepayment charges on home loans?,Home loan prepay karne par penalty lagti hai?,"RBI ke rules ke mutabik individuals ke floating-rate home loans par prepayment/foreclosure charges nahi lagte. Fixed-rate loans par kuch banks charges lagate hain, isliye loan agreement check karein.","Under RBI regulations, banks and HFCs are prohibited from charging prepayment or foreclosure penalties on floating-rate home loans sanctioned to individual borrowers. Fixed-rate loans may attract prepayment penalties depending on the loan contract terms.","bank-advisory, banking, emi, finance, home loan","charges, home, loans, prepayment"
kb-037,37,Home Loans & Finance,F,Should I make part-prepayment on my home loan?,Part-prepayment karna faydemand hai?,"Haan, principal kam hone se total interest kaafi bachta hai, khaaskar shuru ke saalon me. Aap EMI kam karwa sakte hain ya tenure kam kar sakte hain. Emergency fund pehle rakhein aur phir extra surplus se prepay karein.","Yes, part-prepayment directly reduces the outstanding principal balance, leading to massive interest savings, particularly in the initial years of the loan. You can choose to reduce your EMI or shorten the loan tenure. Maintain your emergency fund first, then prepay with surplus funds.","bank-advisory, banking, emi, finance, home loan","home, loan, make, part, prepayment, tenure"
kb-038,38,Home Loans & Finance,F,When should I do a home loan balance transfer?,Home loan balance transfer kab karna chahiye?,"Jab naye bank ka rate current rate se lagbhag 0.5-1% ya usse zyada kam ho aur remaining tenure kaafi lamba ho, tab fayda hota hai. Processing fee, legal charges aur foreclosure costs ka hisaab lagakar hi decide karein.","A balance transfer makes financial sense when another lender offers an interest rate that is 0.50% to 1.00% lower and your remaining tenure is sufficiently long. Factor in processing fees, legal charges, and foreclosure costs before deciding.","bank-advisory, banking, emi, finance, home loan","balance, balance transfer, home, loan, tenure, transfer"
kb-039,39,Home Loans & Finance,T,What are the income tax benefits on a home loan?,Home loan par income tax me kya benefit milta hai?,"Old tax regime me principal repayment par Section 80C me (limit ke saath) aur self-occupied property ke interest par Section 24(b) me deduction milta hai. New tax regime me ye deductions aam taur par nahi milte. Limits time-to-time badalti hain, isliye CA se confirm karein.","Under the old tax regime, you can claim deductions on principal repayment under Section 80C (with applicable limits) and home loan interest on self-occupied property under Section 24(b). These deductions are generally not available under the new tax regime. Limits change periodically, so confirm with a CA.","banking, ca-consultation, emi, finance, home loan, tax","benefits, home, income, loan, tax"
kb-040,40,Home Loans & Finance,T,Can both co-borrowers claim home loan tax benefits?,Joint home loan me dono tax benefit le sakte hain?,"Haan, agar dono co-owner aur co-borrower hain to har ek apne repayment share ke hisab se apni limit tak deduction claim kar sakta hai. Ownership aur repayment share ka record rakhein aur CA se planning karein.","Yes, provided both individuals are co-owners of the property and co-borrowers on the home loan. Each can claim tax deductions up to their respective limits in proportion to their repayment contribution. Maintain clear bank records and plan with a CA.","banking, ca-consultation, emi, finance, home loan, tax","benefits, borrowers, both, claim, home, loan, tax"
kb-041,41,Home Loans & Finance,F,Can self-employed people get a home loan?,Self-employed ko home loan mil sakta hai?,"Haan, aam taur par 2-3 saal ka ITR, business proof aur bank statements chahiye hote hain. Income stable dikhna aur credit score achha hona zaroori hai. Kuch banks/HFCs alternative documentation par bhi loan dete hain.","Yes, self-employed individuals can secure home loans by providing 2-3 years of ITR, business proof, and bank statements. Showing stable business income and a solid credit history is essential. Some banks/HFCs also offer alternative documentation schemes.","bank-advisory, banking, emi, finance, home loan","employed, get, home, loan, people, self"
kb-042,42,Home Loans & Finance,F,Why do home loan applications get rejected?,Home loan reject hone ke common reasons kya hote hain?,"Low CIBIL score, existing EMIs zyada hona, kam ya unstable income, incomplete ya galat documents, property ka title/approval issue, ya applicant ki age ke hisab se short tenure. Rejection reason bank se poochna zaroori hai.","Common rejection reasons include low CIBIL score, high existing debt-to-income ratio, irregular or cash-based income, incomplete documentation, discrepancies in KYC, property title defects, unapproved layouts, or borrower age near retirement limiting tenure.","bank-advisory, banking, emi, finance, home loan","applications, cibil, cibil score, get, home, loan, rejected, tenure, why"
kb-043,43,Home Loans & Finance,F,"My home loan got rejected, what should I do?",Loan reject ho gaya to ab kya karein?,"Pehle rejection ka exact reason pata karein. Phir CIBIL sudharein, choti loan amount ya lambe tenure ke saath apply karein, income wale co-applicant jodein, ya dusre bank/HFC se try karein. Baar-baar apply karne se score par asar padta hai, isliye planning se apply karein.","First, obtain the official rejection reason from the lender. Work on improving your CIBIL score, clear existing unsecured debts, consider applying with an earning co-applicant, opt for a longer tenure, or approach specialized housing finance companies (HFCs). Avoid applying at multiple banks simultaneously.","bank-advisory, banking, emi, finance, home loan","cibil, got, home, loan, rejected, tenure"
kb-044,44,Home Loans & Finance,F,What is pre-EMI in an under-construction property loan?,Pre-EMI kya hota hai?,"Under-construction property me bank builder ko stages me paisa deta hai, aur jitna disbursed hota hai sirf uske interest ka bhugtan (Pre-EMI) karna hota hai. Possession ke baad full EMI (principal + interest) shuru hoti hai. Isliye is dauran kiraya + Pre-EMI dono ka budget rakhein.","For under-construction homes, banks disburse loan funds in stages linked to construction milestones. Pre-EMI is the interest charged only on the disbursed amount until full completion. Regular full EMI (principal + interest) commences only upon possession. Budget for both rent and Pre-EMI during construction.","bank-advisory, banking, emi, finance, home loan","budget, construction, emi, kiraya, loan, pre, property, under"
kb-045,45,Home Loans & Finance,F,Is a subvention or 80:20 scheme safe?,Subvention scheme ya 80:20 plan safe hota hai?,"In schemes me builder kuch samay ke liye EMI/interest bharta hai. Risk ye hai ki agar builder delay kare ya payment rok de to aapki loan liability chalu ho jaati hai. RERA registration, builder ka track record aur bank/builder agreement ki shartein carefully padhein, aur lawyer se check karwayein.","In subvention or 80:20 schemes, the developer agrees to service the interest/EMI for a specific duration. The major risk is that if the developer delays or halts payments, your loan liability begins. Review RERA registration, developer track record, and tripartite agreement terms carefully with a lawyer.","bank-advisory, banking, emi, finance, home loan","registration, rera, safe, scheme, subvention"
kb-046,46,Home Loans & Finance,F,Is home loan insurance necessary?,Home loan insurance zaroori hai?,"Zaroori nahi, par recommended hai. Isse borrower ke na rehne par loan ka bojh family par nahi aata. Pure term plan ya bank ka loan-protect plan dono options compare karein, kyunki bank ka plan aam taur par mehenga ho sakta hai.","Home loan insurance is not mandatory, but recommended to prevent the debt burden from falling on your family in the event of untimely demise. Compare standalone pure term insurance against bank-bundled loan protection plans, which are often more expensive.","bank-advisory, banking, emi, finance, home loan","home, insurance, loan, necessary"
kb-047,47,Home Loans & Finance,F,How is home loan EMI calculated?,EMI kaise calculate hoti hai?,"EMI = P x R x (1+R)^N / ((1+R)^N - 1), jahan P loan amount, R monthly interest rate (annual/12/100) aur N months me tenure hai. Aap INDSTATE ke EMI Calculator me amount, rate aur tenure daal kar turant EMI dekh sakte hain.","EMI is calculated as: EMI = P × R × (1+R)^N / ((1+R)^N - 1), where P is principal loan amount, R is monthly interest rate, and N is tenure in months. You can use INDSTATE's online EMI Calculator to instantly simulate EMIs, interest breakdowns, and amortization schedules.","bank-advisory, banking, emi, finance, home loan","calculated, emi, emi calculator, home, interest rate, loan, tenure"
kb-048,48,Home Loans & Finance,F,Which bank is best for a home loan?,Kaun sa bank home loan ke liye best hai?,"Sabke liye ek best bank nahi hota. Interest rate, processing fee, prepayment terms, customer service aur disbursement speed compare karein. Public sector banks me rate aksar kam hota hai, private banks aur HFCs me process tez ho sakta hai. EMI Calculator par kai rates se compare karein.","There is no single best bank for everyone. Compare interest rates, processing fees, digital customer service, turnaround time, and disbursement speed. Public sector banks often offer lower interest rates, while private banks and HFCs may provide faster approvals and flexible eligibility.","bank-advisory, banking, emi, finance, home loan","bank, best, emi calculator, home, interest rate, loan, prepayment"
kb-049,49,Home Loans & Finance,F,What is a top-up home loan?,Top-up loan kya hota hai?,"Existing home loan par bank extra loan deta hai, aam taur par renovation ya personal need ke liye, usually personal loan se kam rate par. Iski eligibility aapke repayment record aur property value par depend karti hai.","A top-up home loan is an additional financing facility offered by your existing home loan lender over and above your current balance, typically for home renovation or personal needs, usually at lower rates than personal loans. Eligibility depends on repayment history and property value.","bank-advisory, banking, emi, finance, home loan","home, loan, top"
kb-050,50,Home Loans & Finance,F,What is the difference between a home loan and a loan against property?,Home loan aur Loan Against Property me kya farak hai?,"Home loan property kharidne ke liye hota hai aur rate aam taur par kam hota hai. LAP me aap apni existing property gehne rakh kar kisi bhi use ke liye loan lete hain, rate zyada hota hai aur tax benefit limited hota hai.","A home loan is specifically earmarked for purchasing property and enjoys lower interest rates and tax incentives. A Loan Against Property (LAP) is a mortgage on an existing property used for any personal or business need, carrying higher interest and restricted tax deductions.","bank-advisory, banking, emi, finance, home loan","against, and, between, difference, home, loan, property"
kb-051,51,Home Loans & Finance,F,Who can be a co-applicant for a home loan?,Home loan me co-applicant kaun ban sakta hai?,"Aam taur par spouse, parents, siblings ya bachhe co-applicant ban sakte hain. Earning co-applicant se eligibility badhti hai aur kai cases me rate/fees me bhi fayda milta hai. Tax benefit ke liye co-applicant ka co-owner hona bhi zaroori hota hai.","Eligible co-applicants typically include spouse, parents, children, or siblings. Having an earning co-applicant enhances loan eligibility and interest terms. To claim joint income tax benefits, the co-applicant must also be a registered co-owner.","bank-advisory, banking, emi, finance, home loan","applicant, home, loan"
kb-052,52,Home Loans & Finance,F,Can I get a loan for a plot or for self-construction?,Plot kharidne ya khud ghar banwane ke liye loan mil sakta hai?,"Haan, plot loan aur construction loan dono milte hain. Plot loan me LTV aur tenure aam taur par kam hote hain aur plot par construction ki timeline dikhani hoti hai. Plot ka approved layout aur clear title zaroori hai.","Yes, banks offer plot loans to buy residential plots and separate construction loans to build homes. Plot loans usually feature lower LTV ratios and shorter tenures, and banks often mandate commencing construction within a specified timeframe. The plot must have approved layout sanction.","bank-advisory, banking, emi, finance, home loan","construction, get, loan, plot, self, tenure"
kb-053,53,RERA & Legal Documents,L,What is RERA?,RERA kya hota hai?,"RERA (Real Estate Regulation and Development Act, 2016) ek central kanoon hai jo buyers ko protect karta hai aur real estate me transparency laata hai. Har state ki apni RERA authority hoti hai jahan projects aur agents register hote hain aur complaints ki jaati hain.","RERA (Real Estate Regulation and Development Act, 2016) is a central law enacted to protect homebuyers and ensure transparency in real estate transactions. Every state has an established RERA authority where projects and real estate agents must register and where grievances are adjudicated.","lawyer-verification, legal, legal documents, property law, rera",rera
kb-054,54,RERA & Legal Documents,L,Why is RERA registration important?,RERA registration kyu zaroori hai?,"Registered projects ki details (approvals, timeline, carpet area, builder info) public hoti hain, aur builder legally committed timeline aur rules se bandha hota hai. Unregistered project me buyer ke paas RERA ke tahat protection aur remedy nahi hoti, isliye risk zyada hota hai.","Registered projects must disclose sanctioned layout plans, completion milestones, carpet areas, approvals, and promoter credentials. The builder is legally bound by committed timelines and rules. Unregistered projects lack RERA protection and statutory dispute resolution mechanisms, posing severe financial risk.","lawyer-verification, legal, legal documents, property law, rera","carpet area, important, registration, rera, why"
kb-055,55,RERA & Legal Documents,L,How do I verify a RERA number?,RERA number kaise verify karein?,"Apne state ki official RERA website par project name ya registration number search karein. Wahan project status, promoter details, approvals, completion date aur complaints dekh sakte hain. Listing me diya hua number aur website ka record match hona chahiye.","Visit your state's official RERA web portal and search by project name or registration number. You can verify the project's approvals, promoter details, declared completion date, escrow account details, and past complaints. Ensure the marketing collateral matches the state portal record.","lawyer-verification, legal, legal documents, property law, rera","number, registration, rera, rera number, verify"
kb-056,56,RERA & Legal Documents,L,Which projects are exempt from RERA?,Kaun se projects RERA ke bahar hote hain?,"Aam taur par chhote projects (jaise 500 sq m se kam land ya 8 se kam apartments), aur wo projects jinhe RERA se pehle Completion/Occupancy Certificate mil chuka tha. Exact rules state aur time ke hisab se different ho sakte hain, isliye pehle project ki RERA status verify karein.","Projects with land area under 500 square meters or fewer than 8 apartments, as well as completed projects that received a Completion or Occupancy Certificate prior to RERA implementation, are generally exempt. Specific rules vary across states, so verify project status before transacting.","lawyer-verification, legal, legal documents, property law, rera","exempt, from, occupancy certificate, projects, rera"
kb-057,57,RERA & Legal Documents,L,What if the builder delays possession under RERA?,Builder possession me delay kare to RERA me kya option hai?,"Buyer ke paas do options aam taur par hote hain: project me rehkar delay ki taareekh tak interest lena, ya agreement se bahar nikal kar paisa interest ke saath refund lena. Interest rate state RERA rules ke hisab se tay hota hai. Formal complaint state RERA authority me file hoti hai.","Homebuyers have two primary legal options under RERA: 1) Remain in the project and claim monthly interest for every month of delay until handover, or 2) Exit the project and demand a full refund of paid amounts along with prescribed interest. File a formal complaint before your state RERA authority.","lawyer-verification, legal, legal documents, property law, rera","builder, delays, interest rate, possession, rera, under"
kb-058,58,RERA & Legal Documents,L,How much advance can a builder take before agreement?,Registered agreement se pehle builder kitna advance le sakta hai?,RERA ke mutabik registered agreement for sale se pehle builder property value ka 10% se zyada advance ya booking amount nahi le sakta. Isse zyada maange to ye RERA rules ke against hai aur aap RERA authority ko report kar sakte hain.,"Under Section 13 of RERA, a promoter cannot demand or accept more than 10% of the total property cost as an advance payment or application fee prior to entering into a registered written agreement for sale. Demanding higher sums is a regulatory violation that can be reported to RERA.","lawyer-verification, legal, legal documents, property law, rera","advance, agreement, before, builder, much, rera, take"
kb-059,59,RERA & Legal Documents,L,What is the RERA 70% escrow account rule?,RERA ka 70% escrow rule kya hai?,Builder ko buyers se liye paise ka 70% ek alag RERA account me rakhna hota hai jise sirf usi project ke construction aur land cost ke liye use kiya ja sakta hai. Isse paise ka diversion rukta hai aur project poora hone ke chances badhte hain.,"Developers are legally mandated to deposit 70% of all funds collected from homebuyers into a dedicated project escrow bank account. Withdrawals are permitted solely for construction and land procurement costs in proportion to certified project completion stages, preventing fund diversion.","lawyer-verification, legal, legal documents, property law, rera","account, escrow, rera, rule"
kb-060,60,RERA & Legal Documents,L,How do I file a complaint with RERA?,RERA me complaint kaise karein?,"Apne state ki RERA website par complaint form online submit karein, jisme agreement copy, payment receipts, project details aur issue ka description attach karein. Nominal fee lagti hai aur authority hearing ke baad order deti hai. Documents ka proper record pehle se rakhein.","File a complaint online through your state RERA authority portal by attaching the Agreement for Sale, payment receipts, correspondence records, and an issue description along with the prescribed statutory filing fee. The authority conducts hearings and issues legally binding adjudication orders.","lawyer-verification, legal, legal documents, property law, rera","complaint, file, rera, with"
kb-061,61,RERA & Legal Documents,L,What is the RERA 5-year structural defect liability?,Structural defect ka RERA me 5 saal ka rule kya hai?,"Possession ke baad 5 saal ke andar agar structural defect ya workmanship ki problem aaye to builder ko bina extra charge ke 30 din me repair karna hota hai, warna buyer compensation claim kar sakta hai. Defect ka photo/document proof rakhein aur builder ko written notice dein.","Under Section 14(3) of RERA, if any structural defect or workmanship flaw surfaces within 5 years of handing over physical possession, the developer is legally bound to rectify it without charge within 30 days. Failure to do so entitles the buyer to statutory compensation.","lawyer-verification, legal, legal documents, property law, rera","defect, liability, rera, rk, structural, year"
kb-062,62,RERA & Legal Documents,L,What is an Agreement for Sale?,Agreement for Sale kya hota hai?,"Ye buyer aur seller/builder ke beech ka legally binding contract hota hai jisme price, payment schedule, possession date, area, specifications aur penalties likhi hoti hain. RERA ke tahat builder ka agreement RERA model ke according hona chahiye aur ise register karwana chahiye.","An Agreement for Sale is a legally binding contract between buyer and developer detailing the total price, payment schedule, possession date, carpet area specifications, and default penalties. Under RERA, it must conform to the statutory model agreement and be duly registered.","lawyer-verification, legal, legal documents, property law, rera","agreement, rera, sale"
kb-063,63,RERA & Legal Documents,L,What is the difference between an agreement to sell and a sale deed?,Agreement to sell aur Sale Deed me kya farak hai?,"Agreement to sell ek promise hota hai ki property future me transfer hogi, jabki Sale Deed wo final registered document hai jisse ownership actual me transfer hoti hai. Ownership sirf registered sale deed ke baad hi aapke naam par aati hai.","An Agreement to Sell is a contractual promise outlining the terms under which property will be transferred in the future, whereas a Sale Deed is the final executed document that actually conveys legal title and ownership to the buyer. Ownership legally transfers only upon registration of the Sale Deed.","lawyer-verification, legal, legal documents, property law, rera","agreement, and, between, deed, difference, sale, sell"
kb-064,64,RERA & Legal Documents,L,What is a title deed and how do I check it?,Title deed kya hota hai aur kaise check karein?,Title deed wo document hai jo property par ownership ka proof deta hai. Seller ke paas poori chain of title (pichle owners se lekar ab tak) honi chahiye. Kisi lawyer se title search karwayein aur sub-registrar records se documents cross-check karwayein.,A title deed establishes legal ownership over immovable property. The seller must possess an unbroken chain of title documents tracing historical ownership (typically for 30 years). Always engage a property advocate to conduct a formal search across Sub-Registrar records.,"lawyer-verification, legal, legal documents, property law, rera","and, check, deed, title, title deed"
kb-065,65,RERA & Legal Documents,L,What is an Encumbrance Certificate (EC)?,Encumbrance Certificate (EC) kya hota hai?,"EC batata hai ki property par koi loan, mortgage ya legal liability to nahi hai, ek fixed period ke liye. Ye sub-registrar office se milta hai (aksar online bhi). Property kharidne se pehle lagbhag 13-30 saal ka EC lena safe maana jata hai.","An Encumbrance Certificate (EC) certifies whether a property is free from registered mortgages, legal charges, or financial encumbrances for a specified timeframe. Issued by the Sub-Registrar office (often available online), obtaining an EC spanning 13 to 30 years is recommended before buying.","lawyer-verification, legal, legal documents, property law, rera","certificate, encumbrance, encumbrance certificate"
kb-066,66,RERA & Legal Documents,L,What is an Occupancy Certificate (OC)?,Occupancy Certificate (OC) kya hota hai?,"OC local authority deti hai ye confirm karne ke liye ki building approved plan ke hisab se bani hai aur rehne ke liye safe hai. Bina OC ke ghar lene par legal, loan aur utility connection ki problems aa sakti hain, isliye possession se pehle OC zaroor check karein.","An Occupancy Certificate (OC) is issued by the local municipal body certifying that the building was constructed in compliance with approved plans and safety norms, and is fit for habitation. Occupying a property without an OC creates legal liabilities, loan hurdles, and utility disconnection risks.","lawyer-verification, legal, legal documents, property law, rera","certificate, occupancy, occupancy certificate"
kb-067,67,RERA & Legal Documents,L,What is a Completion Certificate (CC)?,Completion Certificate kya hota hai?,CC ye prove karta hai ki building construction approved plan aur rules ke hisab se complete hui hai. Kai states me OC aur CC ka use alag ya milkar hota hai. Dono ki availability builder se maang kar verify karein.,"A Completion Certificate (CC) certifies that construction of the building has been completed in adherence to sanctioned building bye-laws and zoning norms. In several states, both CC and OC are required, so verify both with the developer before taking handover.","lawyer-verification, legal, legal documents, property law, rera","certificate, completion, completion certificate"
kb-068,68,RERA & Legal Documents,L,What is mutation of property?,Property mutation (dakhil-kharij / name transfer) kya hota hai?,"Mutation me local municipal/revenue records me property ke owner ka naam badla jata hai taaki property tax aur bills aapke naam par aayein. Sale deed ke baad ye zaroor karwayein, kyunki registration akela revenue record update nahi karta.","Property mutation (Dakhil-Kharij / Khata transfer) records the transfer of title in local municipal and revenue registers to ensure property tax bills and official records are issued in the new owner's name. It must be completed post-registration, as deed registration does not automatically update municipal tax ledgers.","lawyer-verification, legal, legal documents, property law, rera","mutation, property, property tax, registration"
kb-069,69,RERA & Legal Documents,L,What is A Khata and B Khata in Karnataka?,Karnataka me A Khata aur B Khata kya hote hain?,"A Khata us property ko milta hai jo sabhi legal approvals aur norms follow karti hai aur usme loan/transfer aasan hota hai. B Khata un properties ko milta hai jinme koi approval ya compliance issue ho, aur usme loan milna aur resale mushkil hota hai. Bengaluru me kharidne se pehle Khata type zaroor check karein.","In Karnataka (Bengaluru), 'A Khata' indicates that the property holds all valid municipal approvals and complies with building bye-laws, making home loans and transfers seamless. 'B Khata' is an acknowledgment for tax assessment on properties with planning irregularities, making resale and bank loans difficult.","lawyer-verification, legal, legal documents, property law, rera","and, karnataka, khata, resale"
kb-070,70,RERA & Legal Documents,L,What is a 7/12 extract in Maharashtra?,Maharashtra me 7/12 extract kya hai?,"7/12 (Satbara Utara) land records ka document hai jisme land ka owner, area, land use aur crop ki jaankari hoti hai. Zameen/plot lene se pehle 7/12 aur property card check karna zaroori hai taaki ownership aur encumbrances ka pata chale.","In Maharashtra, the 7/12 extract (Satbara Utara) is a revenue land record reflecting ownership, survey number, land classification, and encumbrances. Inspecting the 7/12 extract and Property Card is critical before purchasing land or plots to verify clean legal title.","lawyer-verification, legal, legal documents, property law, rera","7/12, extract, maharashtra, plot, satbara"
kb-071,71,RERA & Legal Documents,L,Which NOCs are required when buying a property?,Property kharidte waqt kaun-kaun se NOC chahiye?,"Society/builder ka NOC (dues clear hone ka), bank ka NOC (agar loan chal raha ho to closure ke baad), aur kai cases me utility ya authority ka NOC. Resale me seller se ye documents transfer se pehle maang lein.","Essential NOCs include the Society/Builder NOC confirming zero unpaid dues, Bank NOC/No Objection Letter with closure certificate (if the property was mortgaged), and utility clearances. In resale transactions, insist on receiving all original NOCs prior to registration.","lawyer-verification, legal, legal documents, property law, rera","buying, nocs, property, required, resale"
kb-072,72,RERA & Legal Documents,L,Is buying property through Power of Attorney safe?,Power of Attorney (POA) se property kharidna safe hai?,"Supreme Court ne kaha hai ki sirf GPA/agreement se property ki ownership transfer nahi hoti; sale deed ka registration zaroori hai. POA par kharidne me fraud aur legal dispute ka risk zyada hota hai, isliye registered sale deed hi pakka rasta hai.",The Supreme Court of India has ruled that transfers effected via General Power of Attorney (GPA) or Agreement to Sell do not confer valid legal title; ownership transfers strictly through a registered Sale Deed. Purchasing via GPA carries severe risk of fraud and future title disputes.,"lawyer-verification, legal, legal documents, property law, rera","attorney, buying, kharidna, power, power of attorney, property, registration, safe, through"
kb-073,73,RERA & Legal Documents,L,How to buy a property that came by inheritance or will?,Inherited ya will se mili property kharidne me kya dhyan rakhein?,"Sabhi legal heirs ki consent aur documents (legal heir certificate, probate/will ki validity) verify karein. Kisi ek heir se property lena risky hota hai agar baaki heirs ka hissa clear na ho. Lawyer se clear title opinion lena zaroori hai.","Verify that all legal heirs have given unconditional written consent, and inspect supporting documents including the Legal Heir Certificate, Death Certificate, Probated Will, or Family Settlement Deed. Purchasing from a single heir without releases from other co-heirs poses major title dispute risks.","lawyer-verification, legal, legal documents, property law, rera","buy, came, inheritance, property, that, will"
kb-074,74,RERA & Legal Documents,L,What should I do if there is a property dispute?,Property dispute ho jaye to kya karein?,"Pehle documents aur communication ka record rakhein, phir lawyer se salah lein. Builder-related issue me RERA authority, ownership/civil matter me civil court, aur service issue me consumer court option ho sakte hain. Mediation/lok adalat se bhi cheezein jaldi solve ho sakti hain.","Maintain a meticulous record of all agreements, payment receipts, and communications, and consult a qualified property lawyer immediately. Approach RERA for builder default issues, Civil Courts for title/partition suits, or Consumer Forums for deficiency in service.","lawyer-verification, legal, legal documents, property law, rera","dispute, property, rera"
kb-075,75,RERA & Legal Documents,L,How do I get a title search or legal opinion done?,Title search ya legal opinion kaise karwayein?,"Property lawyer ko sale deed, previous ownership documents, EC aur tax receipts dein. Wo sub-registrar, revenue aur court records me search karke chain of title aur litigation check karte hain, aur ek written legal opinion dete hain. Ye kharcha buyer ke liye bahut kaam ka hota hai.","Provide the Sale Deed, link parent documents, tax receipts, and Encumbrance Certificates to a property lawyer. The advocate conducts searches at the Sub-Registrar's office, revenue offices, and court registries to verify clear title and prepare a formal written Legal Search Report.","lawyer-verification, legal, legal documents, property law, rera","done, get, legal, opinion, rk, search, title"
kb-076,76,RERA & Legal Documents,L,What clauses should I check in the sale agreement?,Sale agreement me kaun-kaun se clauses dekhne chahiye?,"Possession date aur delay penalty, payment schedule, carpet area aur specifications, cancellation/refund terms, maintenance aur parking details, aur dispute resolution. One-sided ya vague clauses par lawyer se explanation lein aur unhe negotiate karein.","Carefully inspect clauses detailing committed possession timeline, grace period, delay compensation rate, carpet area specifications, cancellation penalties, defect liability, undivided land share, and dispute resolution mechanisms. Avoid one-sided builder-buyer agreements.","lawyer-verification, legal, legal documents, property law, rera","agreement, carpet area, check, clauses, rk, sale"
kb-077,77,RERA & Legal Documents,L,Is registration of a sale deed compulsory?,Sale deed ka registration compulsory hai?,"Haan, Registration Act ke tahat immovable property ke sale ka registered document hona zaroori hai. Bina registration ke ownership legally transfer nahi hoti, aur aap property par apna hak court me prove nahi kar paate.","Yes, under the Registration Act, 1908, registration of a Sale Deed for immovable property valued above ₹100 is legally compulsory. Unregistered documents cannot confer valid ownership title or be admitted as primary evidence of ownership in a court of law.","lawyer-verification, legal, legal documents, property law, rera","compulsory, deed, registration, sale"
kb-078,78,RERA & Legal Documents,L,How do I verify approved building plan and property tax?,Approved layout/building plan aur property tax kaise check karein?,"Local development authority ya municipal corporation se sanctioned plan aur approvals ki copy maangein aur unke record se match karein. Property tax receipts dekhein, kyunki unpaid tax ya mismatch area red flag ho sakta hai. Unauthorised construction par loan aur resale me problem aati hai.",Request copies of the sanctioned building layout plan and commencement certificate from the developer and cross-check them with the local municipal planning authority. Verify municipal property tax receipts to confirm zero arrears and prevent purchasing unauthorized constructions.,"lawyer-verification, legal, legal documents, property law, rera","and, approved, building, plan, property, property tax, resale, tax, verify"
kb-079,79,Verification & Fraud Prevention,L,How can I avoid property fraud?,Property fraud se kaise bachein?,"Sirf verified documents par bharosa karein: title deed, EC, approvals, OC, tax receipts aur RERA registration ko independently verify karein. Payment hamesha bank/traceable modes se karein aur kisi bhi dabav ya jaldbaazi me na aayein. Lawyer se due diligence zaroor karwayein.","Protect yourself by relying solely on verified original documentation: title chain, EC, municipal approvals, OC, tax receipts, and RERA registration. Never pay in untraceable cash; transact only through formal banking channels, and engage an independent lawyer for title due diligence.","due diligence, fraud prevention, lawyer-verification, legal, verification","avoid, fraud, property, registration, rera, title deed"
kb-080,80,Verification & Fraud Prevention,L,How can I spot fake property documents?,Fake documents kaise pehchanein?,"Original documents dekhne par zor dein aur sub-registrar/revenue records se cross-check karwayein. Stamp paper, seal, signatures, survey numbers aur dates me mismatch red flag hain. Sirf photocopy ya scan par bharosa na karein.","Demand to inspect original parent documents and cross-verify certified copies directly with the Sub-Registrar's records. Red flags include discrepancies in stamp paper serial numbers, mismatched seals, inconsistent signatures, conflicting survey numbers, or recent dates on older deeds.","due diligence, fraud prevention, lawyer-verification, legal, verification","documents, fake, property, spot"
kb-081,81,Verification & Fraud Prevention,L,How do I avoid the same property being sold to multiple buyers?,Ek hi property multiple logon ko bech di jaye to kaise bachein?,Latest EC aur sub-registrar records se check karein ki property par kaunsi sales ya mortgages registered hain. Seller ka possession aur society/builder records se bhi confirm karein. Registered sale deed ke baad hi payment poori karein aur possession lein.,"Obtain the latest Encumbrance Certificate (EC) and verify the Sub-Registrar's Index-II records to confirm no recent sales, agreements, or mortgages exist on the property. Verify physical possession and society share certificates before paying the final sale consideration.","due diligence, fraud prevention, lawyer-verification, legal, verification","avoid, being, buyers, multiple, property, same, sold"
kb-082,82,Verification & Fraud Prevention,L,How do I verify the seller or owner?,Seller ya owner ko kaise verify karein?,"Seller ka ID proof (Aadhaar, PAN), title documents me naam match hona, property tax receipts aur EC dekhein. Agar seller POA holder hai to POA ki validity aur original owner se confirmation lein. Sab kuch documents me consistent hona chahiye.","Verify government-issued photo ID proofs (Aadhaar, PAN) of the seller and ensure the name matches municipal and title records exactly. If the property is sold via Power of Attorney (POA), verify the POA's authenticity, validity, and confirm directly with the original principal owner.","due diligence, fraud prevention, lawyer-verification, legal, verification","owner, property tax, seller, verify"
kb-083,83,Verification & Fraud Prevention,,What should I check before paying a token amount?,Token amount dene se pehle kya check karein?,"Seller ki ownership, basic documents, property par loan ya dispute na hona aur RERA status (under-construction me) verify karein. Token amount bank transfer se dein, written receipt lein aur likhwayein ki token kis condition me refundable hai.","Verify seller ownership, parent title deeds, absence of pending mortgages or litigation, and active RERA registration (for under-construction projects). Always pay token advances via formal bank transfer, obtain a written receipt, and specify explicit refund conditions.","due diligence, fraud prevention, verification","amount, before, check, paying, rera, token"
kb-084,84,Verification & Fraud Prevention,L,Is paying in cash for property safe?,Property ke liye cash payment safe hai?,Cash payment risky aur aksar kanoon ke against hota hai. Income Tax rules bade cash transactions par restrictions lagate hain aur cash payment ka proof kamzor hota hai. Hamesha bank transfer/cheque/DD se payment karein aur receipts rakhein.,"Cash payments for property are unsafe and strictly restricted under Section 269SS/269T of the Income Tax Act. Cash leaves negligible legal proof of consideration in disputes. Always transact using cheques, demand drafts, or electronic bank transfers with formal receipts.","due diligence, fraud prevention, lawyer-verification, legal, verification","cash, paying, property, safe"
kb-085,85,Verification & Fraud Prevention,L,What if the seller asks for a black money or cash component?,Seller cash ya black money maange to kya karein?,Ye illegal hai aur buyer ke liye bhi tax aur legal risk badhata hai. Full value par registration aur banking channel se payment hi safe rasta hai. Aisi demand par deal reconsider karein ya lawyer se salah lein.,"Demanding cash or an undeclared component is illegal, creating severe income tax penalties and legal exposure for both parties. Registering at full transacted value via banking channels is the only legally secure route. Reconsider the deal or seek legal counsel if pressured.","due diligence, fraud prevention, lawyer-verification, legal, verification","asks, black, cash, component, money, registration, seller"
kb-086,86,Verification & Fraud Prevention,L,How do I identify a fake broker or agent?,Fake broker ya agent kaise pehchanein?,"Agent ka RERA registration number state RERA website par verify karein, uska office address aur reviews check karein, aur advance sirf owner/builder ko seedha dein, agent ke personal account me nahi. INDSTATE ke Verified Agents section me registered agents dekh sakte hain.","Verify the agent's RERA registration certificate on your state RERA portal, inspect their registered office address, and check client testimonials. Never transfer advance booking amounts or token money to an agent's personal account; pay directly to the builder/owner.","due diligence, fraud prevention, lawyer-verification, legal, verification","advance, agent, broker, fake, identify, registration, rera, verified agent"
kb-087,87,Verification & Fraud Prevention,,How do I know if an online listing is fake?,"Online listing fake to nahi, ye kaise pata karein?","Photos ka reverse image search karein, price market se bahut kam ho to alert rahein, aur bina site visit ke advance na dein. Owner ya agent ko video call par ghar dikhane ko kahein. Suspicious listing ko platform par report karein.","Perform reverse image searches on listing photos, remain cautious of prices unrealistically below market benchmarks, and never transfer advance funds before a physical site visit. Request a live video call walkthrough and report fraudulent listings to the platform.","due diligence, fraud prevention, verification","advance, fake, know, listing, online, rk, site visit"
kb-088,88,Verification & Fraud Prevention,L,What if I paid an advance and I'm not getting a refund?,Advance de diya aur refund nahi mil raha to kya karein?,"Written agreement/receipt ke basis par legal notice bhejein. Builder ke case me RERA authority me complaint file karein, aur individual seller ke case me consumer/civil remedy ho sakta hai. Payment proof, chats aur emails safe rakhein.","Issue a formal legal notice based on your written payment receipt and booking contract. If the issue is with a developer, lodge an immediate complaint on the state RERA portal; for individual sellers, file for recovery through consumer or civil court remedies.","due diligence, fraud prevention, lawyer-verification, legal, verification","advance, and, getting, not, paid, refund, rera"
kb-089,89,Verification & Fraud Prevention,,What is the risk if a builder goes bankrupt?,Builder bankrupt ho jaye to buyer ka kya hoga?,"Isse project stall ya delay ho sakta hai. RERA registered project me escrow account aur regulatory oversight se protection milti hai, par risk fir bhi rehta hai. Builder ki financial strength, past delivery record aur project ke approvals dekh kar hi invest karein.","Developer insolvency can stall construction and freeze project accounts. While RERA registration and statutory escrow provisions offer significant safeguards, insolvency proceedings (NCLT) cause prolonged delays. Always evaluate developer financial standing and delivery track record beforehand.","due diligence, fraud prevention, verification","bankrupt, builder, escrow, goes, rera, risk"
kb-090,90,Verification & Fraud Prevention,,How do I check society dues and NOC before buying resale?,Resale me society dues aur NOC kaise check karein?,"Society se no-dues certificate aur transfer NOC maangein, jisme maintenance, sinking fund aur koi legal issue clear hone ki baat likhi ho. Dues buyer ke upar aa sakti hain, isliye transfer se pehle clear karwana zaroori hai.","Request a formal No Dues Certificate and Transfer NOC directly from the housing society office, confirming zero outstanding maintenance dues, sinking fund arrears, or pending litigation. Unpaid dues can legally pass on to the new purchaser.","due diligence, fraud prevention, verification","and, before, buying, check, dues, noc, resale, sinking fund, society"
kb-091,91,Verification & Fraud Prevention,L,Is buying a bank auction property safe?,Bank auction (SARFAESI) property kharidna safe hai?,"Auction properties aksar market se sasti hoti hain par as-is-where-is basis par bikti hain, aur kai me possession ya legal dispute ho sakte hain. Bank ki auction notice, title, dues aur physical possession ki details verify karein aur lawyer se opinion lein.","Bank auction properties under the SARFAESI Act are often priced attractively, but are sold strictly on an 'as-is-where-is' basis. Investigate whether the bank has physical vacant possession, verify unpaid municipal/utility taxes, and seek legal counsel before bidding.","due diligence, fraud prevention, lawyer-verification, legal, verification","auction, bank, buying, kharidna, property, rk, safe"
kb-092,92,Verification & Fraud Prevention,L,How do I check whether land is converted to non-agricultural (NA)?,"Land NA (non-agricultural) converted hai ya nahi, kaise check karein?","Revenue records (jaise 7/12, khasra/khatauni) aur local authority se NA order ya land-use certificate dekhein. Bina NA conversion ke residential construction ya loan me dikkat aa sakti hai. State-wise process alag hota hai.","Inspect land revenue records (such as 7/12 extract, Khasra/Khatauni) and demand the official Non-Agricultural (NA) conversion order from the District Collector or local planning authority. Constructing on unconverted agricultural land is illegal and uninsurable.","due diligence, fraud prevention, lawyer-verification, legal, verification","7/12, agricultural, check, converted, khata, land, non, whether"
kb-093,93,Verification & Fraud Prevention,L,How can I check if a property has any court case?,"Property par koi court case hai ya nahi, ye kaise check karein?",Lawyer ke through local courts aur revenue courts ke records me search karwayein aur eCourts portal par naam/property details se check karein. Seller se written declaration lein ki property par koi litigation nahi hai.,"Engage a property advocate to conduct court searches across local civil courts, revenue tribunals, and the official eCourts portal using survey numbers and party names. Obtain a sworn non-litigation declaration and indemnity bond from the seller.","due diligence, fraud prevention, lawyer-verification, legal, verification","any, case, check, court, has, property"
kb-094,94,Verification & Fraud Prevention,L,Can a property be under government acquisition or in a restricted zone?,Kya property government acquisition ya green belt me ho sakti hai?,"Haan, kuch lands acquisition, green belt, CRZ ya flood zone me aati hain. Master plan/zoning map aur local authority se land-use aur acquisition notices ki confirmation lein. Aise land par construction ya loan approval mushkil ho sakta hai.","Certain lands fall within designated green belts, Coastal Regulation Zones (CRZ), flood plains, defense buffers, or notified government acquisition tracks. Review master development plans, zoning maps, and verify with local development authorities before purchasing.","due diligence, fraud prevention, lawyer-verification, legal, verification","acquisition, government, property, restricted, under, zone"
kb-095,95,Verification & Fraud Prevention,L,What if the seller's name spelling differs across documents?,Documents me seller ke naam ki spelling alag ho to?,"Chhote spelling differences me affidavit ya gazette notification se naam ki clarification ki ja sakti hai. Bade mismatch ya alag identity par lawyer ki salah ke bina aage na badhein, kyunki ye title dispute ka signal ho sakta hai.","Minor name variations can be resolved through sworn affidavits or gazette notifications. However, substantial name discrepancies across parent deeds require a formal Rectification Deed or legal clarification before proceeding, as they frequently signal title fraud.","due diligence, fraud prevention, lawyer-verification, legal, verification","across, differs, documents, name, seller, spelling"
kb-096,96,Verification & Fraud Prevention,,What are the top red flags in a property deal?,Property deal me top red flags kya hote hain?,"Bahut kam price, jaldbaazi ka pressure, cash-only deal, missing original documents, RERA number ya approvals na dikhana, seller ka baar-baar beech me badalna, aur lawyer verification se mana karna. Ek bhi red flag dikhe to ruk kar verify karein.","Prominent red flags include prices significantly below market valuation, high-pressure urgency tactics, cash-only demands, refusal to show original deeds, absence of RERA number or approvals, frequent changes of intermediaries, and resisting independent legal verification.","due diligence, fraud prevention, verification","deal, flags, property, red, rera, rera number, top"
kb-097,97,Under-Construction & Builder Issues,L,What can I do if possession is delayed?,Possession delay ho jaye to kya karein?,Agreement me possession date aur delay penalty check karein. RERA-registered project me aap RERA authority me complaint karke interest ya refund maang sakte hain. Builder ko written notice bhejein aur saare payment proofs aur communication safe rakhein.,"Review the agreed possession date and default penalty clauses in your Agreement for Sale. For RERA-registered projects, file a complaint before the state RERA authority to claim prescribed monthly interest for delays or exit with full refund plus interest.","builder issues, lawyer-verification, legal, possession delay, under-construction","delayed, possession, rera, rk"
kb-098,98,Under-Construction & Builder Issues,,"Construction-linked vs time-linked payment plan, which is better?",Construction-linked aur time-linked payment plan me kaun sa better hai?,"Construction-linked plan me payment construction stages ke saath hoti hai, isliye risk kam hota hai. Time-linked plan me tay date par payment deni hoti hai chahe construction kitni bhi hui ho. Aam taur par construction-linked buyer ke liye safer hota hai.","In a construction-linked plan (CLP), installments are payable only after certified completion of specific construction milestones, keeping developer accountability high. Time-linked plans demand payments on fixed dates regardless of progress. CLP is significantly safer for homebuyers.","builder issues, possession delay, under-construction","better, construction, linked, payment, plan, time"
kb-099,99,Under-Construction & Builder Issues,L,What if the builder changes specifications or reduces area?,Builder specs badal de ya area kam nikle to?,"Agreement me likhi specs aur RERA registration ke sanctioned plans se compare karein. Carpet area kam ho to proportionate refund ya adjustment claim kiya ja sakta hai, aur unauthorised changes par RERA me complaint ho sakti hai. Photos aur written communication ka record rakhein.","Compare delivered specifications with the sanctioned plans and specifications attached to the registered agreement. Under RERA, developers cannot make unauthorized alterations to sanctioned plans without consent; carpet area reductions require a proportionate refund.","builder issues, lawyer-verification, legal, possession delay, under-construction","area, builder, carpet area, changes, reduces, registration, rera, specifications"
kb-100,100,Under-Construction & Builder Issues,L,Can I cancel my booking and get a refund?,Booking cancel karke refund mil sakta hai?,"Refund agreement ki cancellation clause par depend karta hai. Builder ki galti (delay/violation) ho to RERA me full refund interest ke saath maang sakte hain. Apni taraf se cancel karne par kuch amount forfeit ho sakta hai, isliye one-sided clauses par pehle hi lawyer se check karwayein.","Refund entitlement depends on the contractual cancellation clauses. If cancellation arises due to developer breach, default, or missed deadlines, RERA entitles you to a full refund with interest. Voluntary cancellation may incur forfeiture of token amounts as per agreed terms.","builder issues, lawyer-verification, legal, possession delay, under-construction","and, booking, cancel, get, refund, rera, rk"
kb-101,101,Under-Construction & Builder Issues,,What should I check during possession (snagging)?,Possession ke waqt kya-kya check karein?,"Walls, flooring, doors-windows, plumbing, electrical points, waterproofing, lift aur common areas ka detailed inspection karein aur defects ki written list (snag list) builder ko dein. Approved plan ke mutabik area, OC aur amenities bhi confirm karein, aur tabhi possession accept karein.","Inspect plastering, flooring, doors, windows, plumbing fixtures, electrical switches, waterproofing, elevator operations, and common amenities. Prepare a detailed written Snag List and submit it to the developer for rectification before accepting final key handover.","builder issues, possession delay, under-construction","check, during, possession, snagging"
kb-102,102,Under-Construction & Builder Issues,L,What if the carpet area received is less than promised?,Carpet area promised se kam mile to?,"RERA ke tahat buyer ko carpet area ke hisab se price dena hota hai, isliye area kam mile to proportionate refund ya adjustment maang sakte hain. Pehle agreement, sanctioned plan aur actual measurement se compare karein aur builder ko written complaint dein.","Under RERA, property prices must be billed strictly on actual usable carpet area. If the handed-over carpet area is less than promised, you are entitled to a proportionate price refund. Verify measurements using an independent architect and lodge a written claim.","builder issues, lawyer-verification, legal, possession delay, under-construction","area, carpet, carpet area, less, promised, received, rera, than"
kb-103,103,Under-Construction & Builder Issues,L,How can I exit or cancel an agreement with the builder?,Builder ke saath agreement se bahar kaise nikalein?,"Agreement ke exit/termination clauses dekhein aur builder ko written notice dein. RERA me delay ya default ki wajah se exit ka refund maang sakte hain. Voluntary exit me kuch deduction lag sakta hai, isliye pehle legal advice lein.","Review the exit and termination provisions in your registered Agreement for Sale and serve a formal written notice on the developer. In cases of developer default or excessive project delay, seek statutory refund under RERA. Voluntary exits may involve deduction of nominal administrative charges.","builder issues, lawyer-verification, legal, possession delay, under-construction","agreement, builder, cancel, exit, rera, with"
kb-104,104,Under-Construction & Builder Issues,L,What is the RERA extension or force majeure clause?,RERA me force majeure ya extension ka matlab kya hota hai?,"Kuch unpredictable events (jaise natural disaster, pandemic, government orders) me RERA authority project ki deadline extend kar sakti hai. Builder har delay ke liye ise use nahi kar sakta, aur extension ki details RERA website par dikhni chahiye.","Force majeure covers extraordinary, unforeseeable events beyond developer control (such as natural calamities, epidemics, or government-mandated construction bans). RERA authorities evaluate force majeure claims independently; developers cannot cite routine business delays as force majeure.","builder issues, lawyer-verification, legal, possession delay, under-construction","clause, extension, force, majeure, rera"
kb-105,105,Under-Construction & Builder Issues,,How do I know if a builder is trustworthy?,Builder trustworthy hai ya nahi kaise pata karein?,"Builder ke pichle delivered projects visit karein, RERA me complaints aur delays ka record check karein, current buyers/resident associations se baat karein, aur financial/legal news bhi search karein. Sirf brochures aur ads par bharosa na karein.","Inspect earlier completed projects delivered by the builder, review RERA complaint history and delay records, interact with existing resident welfare associations, and check financial credit ratings. Never rely solely on promotional brochures or advertisements.","builder issues, possession delay, under-construction","builder, know, rera, trustworthy"
kb-106,106,Under-Construction & Builder Issues,L,Which approvals should an under-construction project have?,Under-construction project ke paas kaun-kaun se approvals hone chahiye?,"Land title, approved building/layout plan, commencement certificate, RERA registration, environmental clearance (jahan applicable), aur fire/utility NOCs. Approvals ka status RERA page aur authority se verify karein.","An under-construction project must possess: clear title, approved layout and building plan, Commencement Certificate (CC), RERA registration certificate, environmental clearance, and fire/utility NOCs. Verify all approvals directly on the state RERA portal.","builder issues, lawyer-verification, legal, possession delay, under-construction","approvals, construction, have, project, registration, rera, under"
kb-107,107,Under-Construction & Builder Issues,,Are pre-launch offers safe?,Pre-launch offers safe hote hain?,"Pre-launch me price kam hota hai par risk zyada, kyunki approvals ya RERA registration abhi complete na ho sakti hai. RERA registration hone se pehle booking amount dena avoid karein, aur project ka title aur approvals verify karke hi commit karein.","Pre-launch offers carry discounted pricing but substantial risk, as necessary statutory approvals and RERA registration may not yet be in place. RERA strictly prohibits advertising or selling units prior to registration. Avoid advancing money before RERA registration is confirmed.","builder issues, possession delay, under-construction","launch, offers, pre, registration, rera, rk, safe"
kb-108,108,Under-Construction & Builder Issues,,Who handles maintenance right after possession and for how long?,Possession ke baad maintenance kaun sambhalta hai?,"Shuruaat me builder ya uski appointed agency maintenance sambhalti hai jab tak society/association formed nahi hoti. Maintenance charges, corpus fund aur handover process agreement me clearly likhe hote hain. Society formation ke baad ye responsibility residents ko transfer hoti hai.",The developer or their appointed facility management agency handles maintenance until the registered society or resident association is formed and handed over. Maintenance charges and corpus fund allocations are governed by the sale agreement and transferred upon society formation.,"builder issues, possession delay, under-construction","after, and, corpus fund, handles, long, maintenance, possession, right"
kb-109,109,Under-Construction & Builder Issues,,How is parking allotted and is it charged separately?,Parking allotment kaise hoti hai aur kya alag se charge lagta hai?,"Parking allotment aur charges agreement me clearly likhe hone chahiye (covered/open/stilt). Kai projects me parking alag se charge hoti hai, isliye price sheet me parking ka status aur number/location likhwana zaroori hai. Rules state aur project ke hisab se alag ho sakte hain.","Parking space allocation (covered, stilt, or open) must be clearly designated in the agreement. RERA mandates that open parking spaces cannot be sold separately as independent units. Ensure your parking slot number and demarcation are explicitly documented in your allotment paperwork.","builder issues, possession delay, under-construction","allotted, and, charged, parking, rk, separately"
kb-110,110,Under-Construction & Builder Issues,T,Is GST applicable on under-construction property?,Under-construction property par GST lagta hai?,"Haan, under-construction properties par aam taur par GST lagta hai (affordable housing par kam rate), jabki OC milne ke baad ready property par GST nahi lagta. GST rates time-to-time badalte hain, isliye latest rate builder/CA se confirm karein.","Under-construction properties attract 5% GST (or 1% for qualifying affordable housing units under ₹45 Lakh) without input tax credit. Once a property receives an Occupancy Certificate (OC) or for ready resale properties, zero GST is payable.","builder issues, ca-consultation, possession delay, tax, under-construction","applicable, construction, gst, property, under"
kb-111,111,Under-Construction & Builder Issues,L,What is the risk of taking possession without OC?,OC ke bina possession lene ka kya risk hai?,"Bina OC ke ghar legally complete nahi maana jata, aur aapko utility connections, home loan, resale aur kabhi-kabhi legal action me problem aa sakti hai. Possession lene se pehle OC ki copy zaroor lein ya likhit me commitment aur timeline lein.","Taking possession without an Occupancy Certificate (OC) is legally risky and exposes the property to eviction notices, higher municipal property tax penalties, utility disconnection, home loan rejection, and severe resale hurdles. Never occupy a home without a valid OC.","builder issues, lawyer-verification, legal, possession delay, under-construction","possession, resale, risk, taking, without"
kb-112,112,Under-Construction & Builder Issues,,Should I buy a flat in a redevelopment project?,Redevelopment project me flat lena sahi hai?,"Redevelopment me flats aksar sasti milte hain par risk hota hai: society consent, legal approvals aur builder ki financial strength. Society ke development agreement, approvals aur RERA registration ko check karein aur delay clauses par dhyan dein.","Flats in redevelopment projects can offer prime locations and discounted prices, but carry risks of society member litigation, developer insolvency, or approval delays. Scrutinize the Development Agreement, society consent percentage, financial guarantees, and RERA registration.","builder issues, possession delay, under-construction","buy, flat, project, redevelopment, registration, rera"
kb-113,113,Under-Construction & Builder Issues,F,How should I manage EMI if the project is delayed?,Project delay ho to EMI kaise manage karein?,"Bank ko delay ki jaankari dein aur disbursement status check karein. Aap builder se delay compensation maang sakte hain aur RERA me complaint kar sakte hain. Kiraye ke saath EMI ka budget alag rakhein, aur bank se restructuring ya tenure adjust options poochein.","Notify your lender about project delays and monitor milestone disbursement statements. Demand statutory delay compensation from the developer under RERA, factor in parallel rent and pre-EMI expenses, and discuss loan restructuring or tenure extensions with your bank.","bank-advisory, builder issues, finance, possession delay, under-construction","budget, delayed, emi, manage, project, rera, tenure"
kb-114,114,Under-Construction & Builder Issues,L,"RERA authority or consumer court, where should I complain?","RERA ya consumer court, kahan complaint karein?","Registered project me builder se related issue (delay, refund, defects) me RERA authority pehla aur zyada suitable option hota hai. Consumer court ka option bhi available hai, par ek hi issue par dono me alag se claim karne se pehle lawyer se salah lein.","For RERA-registered projects involving construction delay, defects, or refund disputes, the state RERA Authority is the specialized and faster forum. Consumer forums also hear deficiency in service cases, but pursuing remedies across both forums simultaneously requires careful legal coordination.","builder issues, lawyer-verification, legal, possession delay, under-construction","authority, complain, consumer, court, rera"
kb-115,115,"Registration, Stamp Duty & Taxes",T,What is stamp duty and how much is it?,Stamp duty kya hoti hai aur kitni lagti hai?,"Stamp duty ek state tax hai jo property registration par lagta hai aur state ke hisab se aam taur par lagbhag 4-8% hota hai (property value ya circle rate, jo zyada ho, uspar). Women/other categories ko kuch states me concession milta hai. Apne state ka exact rate state portal se check karein.","Stamp duty is a state-level transaction tax payable upon property conveyance, typically ranging between 4% to 8% of the consideration value or circle rate (whichever is higher). Concessions of 1% are offered in several states for female owners. Check the applicable slab on your state's registration portal.","ca-consultation, registration, stamp duty, tax, taxes","and, circle rate, duty, much, registration, stamp, stamp duty"
kb-116,116,"Registration, Stamp Duty & Taxes",T,What are the registration charges?,Registration charges kitne lagte hain?,"Registration fee state ke hisab se alag hoti hai, aam taur par property value ka lagbhag 1% ke aaspaas (kuch states me cap ke saath). Ye stamp duty se alag hota hai. Exact rate sub-registrar office ya state portal par check karein.","Registration charges are statutory fees levied by the state government to record the sale deed in public land registries, typically around 1% of property value (with monetary caps in states like Maharashtra). This is levied over and above stamp duty.","ca-consultation, registration, stamp duty, tax, taxes","charges, registration, stamp duty"
kb-117,117,"Registration, Stamp Duty & Taxes",L,What are the steps of property registration?,Property registration ki process kya hai?,"1) Stamp duty pay karein (e-stamping ya online), 2) sale deed draft karwayein, 3) buyer, seller aur witnesses sub-registrar office me appointment par jaayein, 4) biometric/photo aur documents verify hote hain, 5) sale deed register hota hai aur aapko registered copy milti hai.","Property registration steps: 1) Pay stamp duty and registration fees via online e-Challan / e-GRAS, 2) Draft final Sale Deed with legal counsel, 3) Book appointment slot at local Sub-Registrar's Office (SRO), 4) Complete biometric, photographic, and identity verification with two witnesses, 5) Collect registered deed and Index-II.","lawyer-verification, legal, registration, stamp duty, taxes","property, registration, stamp duty, steps"
kb-118,118,"Registration, Stamp Duty & Taxes",L,Which documents are needed for property registration?,Registration ke liye kaun-kaun se documents chahiye?,"Sale deed draft, buyer aur seller ke ID/address proof (Aadhaar, PAN), photographs, property ke title documents, tax receipts, EC, NOCs aur stamp duty ka payment proof. Do witnesses ke ID bhi chahiye hote hain. Kuch states me extra forms lagte hain.","Required documents: Original draft Sale Deed, photo ID and address proofs (Aadhaar, PAN) of buyer, seller, and two witnesses, passport photos, parent title chain, property tax receipts, Encumbrance Certificate, NOCs, and stamp duty e-challan payment receipts.","lawyer-verification, legal, registration, stamp duty, taxes","documents, needed, property, registration, stamp duty"
kb-119,119,"Registration, Stamp Duty & Taxes",L,Who needs to be present at registration?,Registration ke waqt kaun-kaun present hona chahiye?,Buyer aur seller (ya unke authorised POA holders) aur do witnesses ko sub-registrar ke saamne present hona hota hai. Kuch cases me builder ka authorised representative bhi hota hai. Appointment slot advance me book karein.,"The buyer, seller (or legally authorized Power of Attorney holders), and two independent adult witnesses must be physically present before the Sub-Registrar. In primary developer purchases, the developer's authorized signatory must attend.","lawyer-verification, legal, registration, stamp duty, taxes","advance, needs, present, registration"
kb-120,120,"Registration, Stamp Duty & Taxes",T,What is e-stamping?,E-stamping kya hota hai?,E-stamping stamp paper ka online alternative hai jisme stamp duty digitally pay hoti hai aur e-stamp certificate mil jata hai. Ye fake stamp paper ke risk ko kam karta hai. State-authorised e-stamping portal ya authorised bank se hi karwayein.,"E-stamping is an electronic alternative to physical non-judicial stamp papers that allows secure online payment of stamp duty with a tamper-proof unique certificate number, eliminating counterfeit stamp paper risks. It is administered via Stock Holding Corporation (SHCIL) or state e-grass portals.","ca-consultation, registration, stamp duty, tax, taxes","stamp duty, stamping"
kb-121,121,"Registration, Stamp Duty & Taxes",T,Is GST applicable when buying property?,Property kharidte waqt GST lagta hai?,"Under-construction property par GST lagta hai (affordable housing par kam rate), jabki OC ke baad ready property aur resale property par aam taur par GST nahi lagta. Rates aur conditions update hoti rehti hain, isliye latest rule builder/CA se confirm karein.","GST applies solely to under-construction properties (5% for standard housing, 1% for affordable housing under ₹45 Lakh). Ready-to-move homes with an Occupancy Certificate (OC) and resale properties attract 0% GST. Agricultural land transactions are exempt from GST.","ca-consultation, registration, stamp duty, tax, taxes","applicable, buying, gst, property, resale"
kb-122,122,"Registration, Stamp Duty & Taxes",T,What is TDS on property purchase?,Property kharidne par TDS kya hota hai?,Agar property ka sale value 50 lakh se zyada hai to buyer ko payment me se 1% TDS kaat kar government me jama karna hota hai (Section 194-IA) aur Form 26QB file karni hoti hai. Seller ko baaki amount milta hai aur TDS credit uske PAN me aata hai.,"Under Section 194-IA of the Income Tax Act, if property consideration or circle rate exceeds ₹50 Lakh, the buyer must deduct 1% TDS from payments made to a resident seller and deposit it with the government using Form 26QB. The seller receives tax credit against their PAN.","ca-consultation, registration, stamp duty, tax, taxes","property, purchase, tds"
kb-123,123,"Registration, Stamp Duty & Taxes",T,How is capital gains tax calculated on selling property?,Property bechne par capital gains tax kaise calculate hota hai?,"Capital gain = sale price minus (purchase cost + improvement cost + transfer expenses). 24 mahine se zyada rakhne par long-term aur usse kam par short-term capital gain lagta hai. Rates aur indexation rules budget ke saath badalte hain, isliye CA se calculate karwayein.",Capital gain = Sale consideration minus (Indexed cost of acquisition + Cost of improvements + Transfer expenses). Properties held for over 24 months are classified as long-term capital assets (LTCG); those held for 24 months or less attract short-term capital gains (STCG) taxed at individual income tax slabs.,"ca-consultation, registration, stamp duty, tax, taxes","budget, calculated, capital, capital gains, gains, property, selling, tax"
kb-124,124,"Registration, Stamp Duty & Taxes",T,What is the long-term capital gains tax rate on property?,Property par long-term capital gains tax kitna hai?,"Current rules ke hisab se long-term capital gains par aam taur par 12.5% (indexation ke bina) lagta hai, aur kuch resident individuals ko purani property par indexation ke saath 20% ka option milta hai. Rules update hote rehte hain, isliye latest rate CA se confirm karein.","Following recent budget provisions, long-term capital gains on immovable property are generally taxed at a flat 12.5% without indexation benefit, while resident individuals acquiring properties prior to July 2024 have an optional 20% rate with indexation benefit. Verify your specific scenario with a CA.","ca-consultation, registration, stamp duty, tax, taxes","capital, capital gains, gains, long, property, rate, tax, term"
kb-125,125,"Registration, Stamp Duty & Taxes",T,What is the Section 54 exemption on property sale?,Section 54 exemption kya hai?,"Agar aap residential property bech kar long-term capital gain ko nayi residential property me reinvest karte hain (tay time-limit ke andar), to capital gains tax se exemption mil sakta hai, limit aur conditions ke saath. Details aur latest limits CA se confirm karein.","Under Section 54, an individual or HUF selling a long-term residential house can claim tax exemption by reinvesting capital gains into another residential property within 1 year before or 2 years after sale (or 3 years for construction), subject to statutory caps and conditions.","ca-consultation, registration, stamp duty, tax, taxes","capital gains, exemption, property, sale, section, section 54"
kb-126,126,"Registration, Stamp Duty & Taxes",T,What are 54EC bonds?,54EC bonds kya hote hain?,"Land/building bechne par bane long-term capital gain ko notified bonds (jaise NHAI/REC) me 6 mahine ke andar invest karke tax exemption mil sakta hai, limit ke saath aur 5 saal ke lock-in ke saath. Current limit aur conditions CA se check karein.","Under Section 54EC, capital gains arising from the sale of long-term real estate can be exempted by investing up to ₹50 Lakh in specified capital gains bonds (such as NHAI, REC, or PFC) within 6 months of transfer. These bonds carry a mandatory 5-year lock-in period.","ca-consultation, registration, stamp duty, tax, taxes","bonds, rk"
kb-127,127,"Registration, Stamp Duty & Taxes",T,How is rental income taxed?,Rental income par tax kaise lagta hai?,Rental income income from house property me aati hai. Municipal taxes ke baad standard deduction (aam taur par 30%) aur home loan interest ki deduction ke baad tax slab ke hisab se tax lagta hai. Rent ka record aur agreement rakhein aur ITR me sahi report karein.,"Rental income is assessed under 'Income from House Property'. You can deduct municipal taxes actually paid, claim a flat 30% standard deduction towards repairs, and deduct eligible home loan interest under Section 24(b). Net rental income is taxed at your applicable income tax slab.","ca-consultation, registration, stamp duty, tax, taxes","income, rental, taxed"
kb-128,128,"Registration, Stamp Duty & Taxes",T,What is property tax and who pays it?,Property tax kya hota hai aur kaun bharta hai?,"Property tax municipal corporation ya local body ka annual tax hai jo owner ko dena hota hai (rent par diya ho to bhi aam taur par owner ki zimmedari). Rate city aur property ke type/area ke hisab se alag hota hai. Receipts sambhal kar rakhein, resale me kaam aati hain.","Property tax is an annual levy imposed by local municipal corporations on real estate owners (even if rented out, tax liability primarily rests with the owner). Rates depend on location, unit area, building age, and usage classification. Retain tax receipts safely for title audits.","ca-consultation, registration, stamp duty, tax, taxes","and, pays, property, property tax, resale, tax"
kb-129,129,"Registration, Stamp Duty & Taxes",T,How is a second home taxed?,Doosre ghar par tax kaise lagta hai?,Self-occupied property ki limit ke baad doosre ghar par notional/deemed rent ke hisab se income tax lagta hai (rules current tax law ke hisab se). Rent par diya ho to actual rent par tax lagta hai. Latest rules CA se confirm karein.,"If you own more than two self-occupied houses, the remaining homes are deemed to be let out and taxed on notional market rent under Income Tax rules, even if they remain vacant. If actually rented, actual rental income received is taxed after statutory deductions.","ca-consultation, registration, stamp duty, tax, taxes","home, second, taxed"
kb-130,130,"Registration, Stamp Duty & Taxes",T,Is there tax on gifting property?,Property gift karne par tax lagta hai?,"Relatives ko gift ki gayi property par receiver ke liye income tax nahi lagta, par gift deed par stamp duty aur registration lagte hain. Gift ke baad bechne par capital gains ki ganana purane owner ki cost ke hisab se hoti hai. Details CA/lawyer se confirm karein.","Gifting property to specified blood relatives (spouse, children, parents, siblings) is exempt from income tax in the hands of the receiver under Section 56(2)(x). However, a registered Gift Deed must be executed, attracting state stamp duty and registration fees.","ca-consultation, registration, stamp duty, tax, taxes","capital gains, gifting, property, registration, stamp duty, tax"
kb-131,131,"Registration, Stamp Duty & Taxes",L,Is there inheritance tax on property in India?,India me inheritance tax lagta hai?,"Abhi India me inheritance ya estate tax nahi lagta. Par property naam par transfer karne ke liye legal heir certificate/will ke basis par mutation ya transfer process karna padta hai, aur baad me bechne par capital gains lag sakta hai.","India does not levy any inheritance tax or estate duty on property transferred upon death. However, beneficiaries must execute municipal mutation, probate (where applicable), and will transfer procedures; subsequent sale of inherited property attracts capital gains tax.","lawyer-verification, legal, registration, stamp duty, taxes","capital gains, india, inheritance, mutation, property, tax"
kb-132,132,"Registration, Stamp Duty & Taxes",L,How can I transfer property to spouse or children?,Property spouse ya bachhon ke naam par kaise transfer karein?,"Gift deed ya settlement deed ke through transfer hota hai, jisko registered karwana zaroori hai, aur stamp duty lagti hai (kai states me family transfers par concession hota hai). Tax aur clubbing of income ke implications par CA se salah lein.","Properties can be transferred to a spouse or children via a registered Gift Deed or Settlement Deed, requiring applicable stamp duty and registration. Transfers to a spouse without adequate financial consideration may trigger income tax clubbing provisions under Section 64.","lawyer-verification, legal, registration, stamp duty, taxes","children, property, spouse, stamp duty, transfer"
kb-133,133,"Registration, Stamp Duty & Taxes",T,What tax applies when an NRI sells property in India?,NRI property bechte hain to tax kaise lagta hai?,"NRI seller par buyer ko capital gains par TDS kaatna hota hai, jo resident ki tulna me zyada hota hai. Actual tax liability ITR me settle hoti hai, aur repatriation ke rules bhi hote hain. NRI ko CA se advice lena zaroori hai.","When an NRI sells property in India, the buyer must deduct TDS at the applicable capital gains rate (often 20% plus surcharge and cess on long-term gains, or 30% for short-term gains) under Section 195. The NRI can apply for a Lower/Nil TDS certificate (Form 13) to minimize deductions.","ca-consultation, registration, stamp duty, tax, taxes","applies, capital gains, india, nri, property, sells, tax, tds"
kb-134,134,"Registration, Stamp Duty & Taxes",T,Is agricultural land exempt from capital gains tax?,Agricultural land par capital gains tax lagta hai?,"Rural agricultural land aam taur par capital asset nahi maani jati, isliye uspar capital gains tax nahi lagta, par urban/specified limits me aane wali agricultural land par lag sakta hai. Land ki location aur classification CA se confirm karwayein.","Rural agricultural land located beyond notified municipal limits is not treated as a capital asset under Section 2(14) of the Income Tax Act, and its sale is exempt from capital gains tax. Urban agricultural land, however, is treated as a capital asset and taxed accordingly.","ca-consultation, registration, stamp duty, tax, taxes","agricultural, capital, capital gains, exempt, from, gains, land, tax"
kb-135,135,"Registration, Stamp Duty & Taxes",,How long does mutation or khata transfer take?,Mutation ya khata transfer me kitna time lagta hai?,"Ye state/city aur authority par depend karta hai, aam taur par kuch hafton se 2-3 mahine tak. Sale deed, ID proof, tax receipts aur NOCs ke saath application dein, aur status track karte rahein.","Municipal mutation or Khata transfer typically takes between 2 to 8 weeks depending on the municipal corporation and online digitization status. Submit registered sale deed, tax clearance receipts, identity proof, and track application reference numbers online.","registration, stamp duty, taxes","does, khata, long, mutation, take, transfer"
kb-136,136,"Registration, Stamp Duty & Taxes",,What is a society transfer fee?,Society transfer fee kya hoti hai?,"Resale me jab flat ownership naye buyer ko transfer hoti hai, to society kuch transfer/premium charges leti hai, jo society bye-laws aur state rules ke mutabik hote hain. Transfer se pehle exact amount aur documentation society se poochein.","A society transfer fee is an administrative fee charged by a cooperative housing society when transferring flat membership to a new purchaser. State cooperative laws cap or regulate society transfer charges (e.g., ₹25,000 maximum in Maharashtra).","registration, stamp duty, taxes","fee, resale, society, society transfer, transfer"
kb-137,137,"Registration, Stamp Duty & Taxes",T,What is Section 50C and 56(2)(x) on property deals?,Section 50C aur 56(2)(x) kya hain?,"Agar property ka registered sale price stamp duty value/circle rate se kam ho (tolerance limit se zyada), to seller ko capital gains ki ganana stamp value par karni pad sakti hai (50C) aur buyer ko difference par income tax lag sakta hai (56(2)(x)). Isliye value ko circle rate ke kareeb rakhein aur CA se check karein.","Section 50C mandates that if registered sale consideration is less than government stamp duty circle rate (beyond allowable tolerance limits of ~10%), circle rate is deemed the full value for calculating seller's capital gains. Section 56(2)(x) taxes the difference in the buyer's hands as other income.","ca-consultation, registration, stamp duty, tax, taxes","50c, and, capital gains, circle rate, deals, property, section, stamp duty"
kb-138,138,"Registration, Stamp Duty & Taxes",L,Is a stamp duty refund possible?,Stamp duty refund mil sakta hai?,"Kuch situations me (jaise deal cancel ho jana ya excess payment) refund ke provisions hote hain, par state rules aur time-limit ke saath. Refund application sub-registrar office ya state portal par deni hoti hai, isliye jaldi se documents ke saath apply karein.","Stamp duty refunds are permissible under specific state stamp acts if a transaction is officially cancelled or excess duty was paid by mistake, provided the refund claim is filed within the statutory limitation period (typically 6 months) with cancellation proofs.","lawyer-verification, legal, registration, stamp duty, taxes","duty, possible, refund, stamp, stamp duty"
kb-139,139,Renting,L,Is a rent agreement necessary?,Kya rent agreement banwana zaroori hai?,"Haan, rent agreement landlord aur tenant dono ko protect karta hai. Isme rent, deposit, notice period, lock-in aur rules likhe hote hain. Ye address proof aur HRA claim me bhi kaam aata hai.","A rent agreement is essential to protect both landlord and tenant by defining monthly rent, security deposit terms, notice period, maintenance obligations, and lock-in covenants. It serves as primary proof of address and valid documentation for salaried HRA claims.","landlord, lawyer-verification, legal, rent agreement, renting, tenant","agreement, hra, necessary, notice period, rent, rent agreement"
kb-140,140,Renting,L,Why are rent agreements usually for 11 months?,Rent agreement aam taur par 11 mahine ka kyu hota hai?,"Registration Act ke tahat 1 saal se zyada ke lease ko register karwana zaroori hota hai, jisme registration aur stamp duty lagta hai. 11 mahine ka agreement isse bachne ke liye common hai, par legal validity ke liye notarised/registered version better hota hai.","Under the Indian Registration Act, leases exceeding 11 months require mandatory registration and payment of stamp duty. The 11-month tenure is widely adopted to avoid mandatory registration costs, though registered agreements provide far stronger legal standing in tenancy disputes.","landlord, lawyer-verification, legal, rent agreement, renting, tenant","agreements, months, registration, rent, rent agreement, stamp duty, usually, why"
kb-141,141,Renting,,How much security deposit is normal for renting?,Security deposit kitna hona chahiye?,"City ke hisab se alag hota hai: aam taur par 1-3 mahine ka rent, aur Bengaluru jaise kuch cities me 6-10 mahine tak bhi. Deposit refundable hona chahiye aur agreement me refund ki condition likhi ho.","Security deposit norms vary by region: usually 1 to 3 months' rent in Delhi NCR and Mumbai, but historically 5 to 10 months in Bengaluru and Hyderabad. Deposits are 100% refundable upon vacating, subject to deduction of unpaid utility bills or agreed repairs.","landlord, rent agreement, renting, tenant","deposit, much, normal, renting, security, security deposit"
kb-142,142,Renting,L,"My landlord is not returning the deposit, what can I do?",Landlord deposit wapas nahi kar raha to kya karein?,"Pehle agreement ke terms aur move-out condition ka proof (photos, handover) check karein. Landlord ko written/legal notice bhejein, phir bhi na maane to rent authority ya civil/consumer court me claim kar sakte hain. Saare payment records saath me rakhein.","Review your rent agreement clauses and preserve move-out handover photographs as evidence of property condition. Serve a formal legal notice demanding refund within a stipulated deadline; if unresolved, file a claim before the Rent Authority or Consumer / Civil Court.","landlord, lawyer-verification, legal, rent agreement, renting, tenant","deposit, landlord, not, returning"
kb-143,143,Renting,,How much can a landlord increase the rent?,Landlord rent kitna badha sakta hai?,Ye agreement aur local rent control laws par depend karta hai. Aam taur par annual 5-10% increase agreement me fixed hota hai. Bina notice ya agreement ke rent badhana theek nahi hai.,Rent escalations are governed by the contractual terms in the rent agreement and applicable state rent control acts. A standard annual increase of 5% to 10% is customary. Arbitrary increases outside contractual agreement terms are not permitted.,"landlord, rent agreement, renting, tenant","increase, landlord, much, rent"
kb-144,144,Renting,L,What is the notice period for vacating a rented house?,Ghar khali karne ka notice period kitna hota hai?,"Aam taur par 1-3 mahine ka notice period agreement me likha hota hai, aur dono taraf par lagu hota hai. Lock-in period ke andar chhodne par kuch penalty ya deposit deduction ho sakta hai, isliye agreement clearly padhein.","The notice period for vacating is typically 1 to 3 months as specified in the tenancy contract, applicable equally to tenant and landlord. Terminating during an active lock-in period may result in forfeiture of deposit or rent penalties.","landlord, lawyer-verification, legal, rent agreement, renting, tenant","house, notice, notice period, period, rented, vacating"
kb-145,145,Renting,L,Can a landlord evict me without notice?,Kya landlord bina notice ke ghar khali karwa sakta hai?,"Nahi, tenant ko bina valid notice ya legal process ke zabardasti nikalna illegal hai. Landlord ko agreement ke notice period ya rent-control rules follow karne padte hain. Aisi situation me legal advice lein ya local authority/police se sampark karein.","No, a landlord cannot forcibly evict a tenant without serving valid contractual notice and following due process of law. Forcible eviction or cutting off essential utilities (water, electricity) is unlawful. In case of illegal eviction attempts, seek legal protection or approach the police.","landlord, lawyer-verification, legal, rent agreement, renting, tenant","evict, landlord, notice, notice period, rk, without"
kb-146,146,Renting,,Who pays for repairs in a rented house?,Kiraye ke ghar me repair ka kharcha kaun deta hai?,"Aam taur par chhote repairs (bulb, tap) tenant aur badi structural ya major repairs (seepage, wiring, plumbing) landlord karta hai, par ye agreement me clearly likha hona chahiye. Bade repair ki information landlord ko written me dein.","Day-to-day minor repairs (faucet washers, light bulbs, internal choke-ups) are borne by the tenant, whereas major structural repairs (seepage, electrical conduits, roof leakages) are the landlord's responsibility. Clearly outline maintenance obligations in the rent agreement.","landlord, rent agreement, renting, tenant","house, pays, rented, repairs"
kb-147,147,Renting,L,Is police verification needed for tenants?,Tenant ki police verification zaroori hai?,Kai cities me landlord ke liye tenant ki police verification ya online registration zaroori hota hai. Isse landlord aur tenant dono ka safety record rehta hai. Local police station ya city portal par process check karein.,Tenant police verification is mandatory in several metropolitan cities under local police commissioner directives to ensure community safety. Landlords must submit tenant KYC details online or at the local police station to avoid penal liability.,"landlord, lawyer-verification, legal, rent agreement, renting, tenant","needed, police, police verification, registration, tenants, verification"
kb-148,148,Renting,T,How does HRA tax benefit work?,HRA ka tax benefit kaise milta hai?,"Salaried employees jo rent pay karte hain wo HRA exemption claim kar sakte hain (old tax regime me), jo basic salary, HRA received aur rent paid ke formula par calculate hota hai. Rent receipts aur agar rent zyada ho to landlord ka PAN chahiye. Latest rules CA se confirm karein.","Salaried employees residing in rented homes can claim House Rent Allowance (HRA) tax exemption under Section 10(13A) under the old tax regime, based on rent paid, salary components, and location. Rent receipts and the landlord's PAN (if annual rent exceeds ₹1 Lakh) are required.","ca-consultation, landlord, rent agreement, renting, tax, tenant","benefit, does, hra, rk, tax, work"
kb-149,149,Renting,L,Can I sublet a rented house?,Kya main kiraye ka ghar aage kiraye par de sakta hu?,Aam taur par bina landlord ki written permission ke subletting allowed nahi hoti aur agreement ke violation me aati hai. Permission lena aur uska record rakhna safe hai.,"Subletting a rented property without the explicit prior written permission of the landlord is illegal and constitutes a direct breach of the tenancy agreement, providing valid grounds for immediate eviction and termination of lease.","landlord, lawyer-verification, legal, rent agreement, renting, tenant","house, rented, sublet"
kb-150,150,Renting,,What is a lock-in period in a rent agreement?,Lock-in period kya hota hai?,Lock-in wo minimum period hai jisme tenant ghar nahi chhod sakta aur landlord bhi bina wajah nikal nahi sakta. Isse pehle chhodne par penalty ya deposit deduction ho sakta hai. Agreement me iska clear mention hona chahiye.,A lock-in period is an agreed minimum timeframe during which neither tenant can vacate nor landlord terminate the tenancy without financial penalty. Exiting during the lock-in period typically requires paying rent for the remainder of the lock-in duration.,"landlord, rent agreement, renting, tenant","agreement, lock, period, rent, rent agreement"
kb-151,151,Renting,,What should I check before joining a PG or co-living?,PG ya co-living join karne se pehle kya check karein?,"Rent aur deposit ki terms, food/laundry included hai ya nahi, visitor aur curfew rules, safety (CCTV, fire exit), room sharing, notice period aur agreement. Ghar ka visit karke current residents se baat karna helpful hota hai.","Verify monthly rent, security deposit refund clauses, food and housekeeping inclusions, visitor/curfew timings, safety features (CCTV, fire extinguishers), room sharing occupancy, and notice period. Visiting the facility and speaking with current occupants is highly recommended.","landlord, rent agreement, renting, tenant","before, check, joining, living, notice period, rk"
kb-152,152,Renting,,"Furnished, semi-furnished or unfurnished, which should I rent?","Furnished, semi-furnished ya unfurnished, kaun sa lena chahiye?","Furnished me sab ready milta hai par rent zyada hota hai, jo short stay ya job-relocation ke liye achha hai. Unfurnished me rent kam aur long stay me economical hota hai. Inventory list agreement me likhwayein.","Furnished rentals are ideal for short stays or mobile professionals as they eliminate upfront appliance purchases, though they carry higher rents. Unfurnished homes offer lower rents and are cost-effective for long-term residency. Always maintain a signed furniture inventory list.","landlord, rent agreement, renting, tenant","furnished, rent, semi, unfurnished"
kb-153,153,Renting,,How much brokerage is charged for a rental?,Rent me brokerage kitni deni padti hai?,"Aam taur par ek mahine ka rent ya kuch % tak, city ke hisab se badalta hai. INDSTATE ka zero brokerage model direct owner-connect me brokerage bachane par focus karta hai, lekin kisi specific agent/listing ke charges confirm karein.","Rental brokerage typically equals 15 days to 1 month of rent, depending on city conventions. INDSTATE's direct owner-connect model offers zero-brokerage listings, allowing tenants and owners to connect without paying commission.","landlord, rent agreement, renting, tenant","brokerage, charged, much, rental, zero brokerage"
kb-154,154,Renting,L,Can I make a rent agreement online?,Rent agreement online bana sakte hain?,"Haan, kai states e-stamping aur online rent agreement ki facility dete hain, jisme e-stamp paper par draft banake dono parties sign karte hain. Ye legally valid hota hai agar state ke rules follow kiye jayein.","Yes, several state governments facilitate online digital rent agreements with e-stamping and Aadhaar-based biometric or OTP e-signatures. Registered e-agreements carry full legal validity in courts of law.","landlord, lawyer-verification, legal, rent agreement, renting, tenant","agreement, make, online, rent, rent agreement"
kb-155,155,Renting,L,What are the rights of a tenant?,Tenant ke rights kya hote hain?,"Peaceful possession, bina notice ke eviction se protection, proper receipts, basic amenities aur agreement ke mutabik rent aur deposit ka refund. Model Tenancy Act me tenant aur landlord dono ke rights defined hain, par ye har state me automatically lagu nahi hai; local rules check karein.","Tenants have the right to quiet enjoyment of the premises, protection against unlawful eviction or utility disconnections, valid receipts for rent and deposits paid, basic amenities, and timely refund of security deposits as per agreement terms.","landlord, lawyer-verification, legal, rent agreement, renting, tenant","rights, tenant"
kb-156,156,Renting,L,What are the rights of a landlord?,Landlord ke rights kya hote hain?,"Time par rent, property ki proper care, agreement ke mutabik use aur legal process se eviction (agar tenant default kare). Tenant screening, verification aur written agreement se disputes se bacha ja sakta hai.","Landlords have the legal right to receive timely monthly rent, expect reasonable property maintenance, inspect the premises upon reasonable advance notice, and initiate formal eviction proceedings if the tenant defaults on rent or breaches agreement covenants.","landlord, lawyer-verification, legal, rent agreement, renting, tenant","landlord, rights"
kb-157,157,Renting,,Can housing societies stop bachelors or certain tenants?,Society bachelors ya kuch tenants ko rok sakti hai?,"Kai societies apne bye-laws me tenant policy ya restrictions rakhti hain, par kisi ke saath religion, caste ya gender ke basis par bhed-bhav legally sahi nahi mana jata. Agreement se pehle society ke rules aur landlord se confirm kar lein.","Housing societies frequently draft internal bye-laws or restrictions regarding bachelors or pets, but arbitrary discrimination on grounds of religion, gender, or marital status lacks constitutional validity. Review society bye-laws before finalizing a lease.","landlord, rent agreement, renting, tenant","bachelors, certain, housing, societies, stop, tenants"
kb-158,158,Renting,,"Who pays electricity, water and maintenance bills in a rented house?","Bijli, pani aur maintenance bills kaun bharta hai?","Aam taur par bijli-pani ke bills tenant bharta hai aur society maintenance owner ya tenant, ye agreement par depend karta hai. Move-in ke waqt meter reading photo se record karein taaki baad me dispute na ho.","Tenants generally pay individual consumption charges (electricity, piped gas, water), while society maintenance charges are paid either by the owner or tenant as negotiated in the agreement. Record initial meter readings on move-in day with photos to avoid billing disputes.","landlord, rent agreement, renting, tenant","and, bills, electricity, house, maintenance, pays, rented, water"
kb-159,159,Renting,L,What if a tenant stops paying rent?,Tenant rent dena band kar de to kya karein?,"Pehle written reminder aur notice dein, phir agreement ke mutabik deposit adjust karein aur zaroorat par legal notice bhejein. Zabardasti ghar khali karwana ya utilities kaatna illegal ho sakta hai, isliye legal process follow karein.","Issue a formal written payment reminder, adjust arrears against security deposit as per agreement, and serve a legal demand notice for eviction if non-payment persists. Avoid self-help remedies like locking doors or cutting off power; follow legal procedures under the Rent Control / Tenancy Act.","landlord, lawyer-verification, legal, rent agreement, renting, tenant","paying, rent, stops, tenant"
kb-160,160,Renting,,What should I do before vacating a rented home?,Ghar khali karte waqt kya karein?,"Notice period follow karein, meter readings aur bills clear karein, ghar ki condition ka photo/video lein, inventory landlord ko handover karein aur deposit refund ki written confirmation lein. Address change aur utility closure bhi karwayein.","Provide timely advance notice in writing, clear all utility and maintenance bills, inspect the premises and take departure photographs, return all keys with signed inventory handover, and obtain written confirmation of the security deposit refund timeline.","landlord, rent agreement, renting, tenant","before, home, notice period, rented, vacating"
kb-161,161,Selling & Listing,,What is the process to sell a property?,Property bechne ka process kya hai?,"Price tay karein aur documents ready karein, property list karein aur site visits karwayein, buyer se deal finalize karke agreement aur token lein, loan/NOC formalities poori karein, sale deed register karwayein aur possession handover karein. Tax planning pehle se karein.","Key steps to sell property: 1) Benchmark competitive pricing and organize property documents, 2) List on verified platforms and manage site visits, 3) Finalize buyer and accept token deposit with Agreement to Sell, 4) Complete bank foreclosure / NOC formalities, 5) Execute registered Sale Deed, 6) Hand over keys and mutate revenue records.","listing, property resale, selling","process, property, rk, sell, site visit, token"
kb-162,162,Selling & Listing,,How do I decide the right selling price?,Bechne ke liye sahi price kaise tay karein?,"Same locality me recent similar deals aur listings dekhein, circle rate aur property ki condition, age aur amenities consider karein. Bahut zyada price rakhne se buyers kam aate hain aur bahut kam se nuksan hota hai. INDSTATE ke Compare tool aur market insights se benchmark kar sakte hain.","Evaluate recent registered sale deeds in your locality, review active neighborhood listings, and factor in your property's age, floor, condition, and amenities. Overpricing prolongs time-on-market, while underpricing results in capital loss. Use INDSTATE's Compare tool to benchmark market valuation.","listing, property resale, selling","circle rate, decide, price, right, rk, selling"
kb-163,163,Selling & Listing,,What documents do I need to sell a property?,Property bechne ke liye kaun-kaun se documents chahiye?,"Title deed aur chain of documents, latest EC, property tax receipts, society NOC/no-dues, approvals aur OC, loan closure documents (agar loan tha), ID proofs, aur seller ki PAN. Documents pehle se ready rakhne se deal jaldi hoti hai.","Essential documents: Original title deed and parent document chain (last 30 years), updated Encumbrance Certificate, property tax receipts, society NOC / No Dues Certificate, Occupancy Certificate (OC), loan closure NOC (if previously mortgaged), and seller identity proofs (Aadhaar, PAN).","listing, property resale, selling","documents, need, property, property tax, sell, title deed"
kb-164,164,Selling & Listing,T,How do I plan tax when selling property?,Bechte waqt tax planning kaise karein?,"Capital gain calculate karein, holding period (24 mahine se zyada?) dekhein, aur Section 54/54EC jaise exemptions ke liye reinvestment plan karein. TDS aur advance tax dena pad sakta hai. Bikri se pehle CA se calculation zaroor karwayein.","Estimate taxable capital gains based on holding period, explore tax-saving exemptions under Section 54 (reinvesting in residential property) or Section 54EC (capital gains bonds), and account for TDS and advance tax schedules. Consult a CA prior to executing the sale.","ca-consultation, listing, property resale, selling, tax","advance, plan, property, section 54, selling, tax, tds"
kb-165,165,Selling & Listing,F,What if the buyer's loan approval is pending?,Buyer ka loan approval pending ho to kya karein?,Agreement me loan sanction ki timeline aur condition likhein aur token amount ke saath clear terms rakhein. Bank valuation aur legal verification me seller ko documents time par dena chahiye. Jyada delay ho to token forfeit ya cancellation ka clause pehle se tay karein.,Incorporate a clear loan sanction deadline clause in the Agreement to Sell with explicit terms governing token forfeiture or extension. Promptly furnish copies of property titles to the buyer's lender to expedite legal and technical valuation.,"bank-advisory, finance, listing, property resale, selling","approval, buyer, loan, pending, token"
kb-166,166,Selling & Listing,,Can I sell my property without an agent?,Kya main bina agent ke property bech sakta hu?,"Haan, INDSTATE jaise platform par direct listing karke owner-to-buyer deal ho sakti hai. Documentation, verification aur negotiation aapko khud sambhalna padta hai, isliye kisi lawyer se agreement aur sale deed review karwana safe hai.","Yes, platforms like INDSTATE enable owners to list directly and connect with verified buyers with zero brokerage. You will need to manage inquiries, physical site inspections, and negotiations yourself, and have a lawyer draft the Agreement for Sale and Sale Deed.","listing, property resale, selling","agent, property, rk, sell, without"
kb-167,167,Selling & Listing,,How can I make my listing more attractive?,Listing ko attractive kaise banayein?,"Achhi quality photos aur video dein, carpet area, floor, age, amenities aur possession status clearly likhein, aur RERA/documents ki details dikhayein. Clean aur decluttered ghar ki photos zyada inquiries laati hain. Realistic price rakhein.","Provide high-resolution photos and video tours, state exact RERA carpet area, floor number, property age, society amenities, and possession status transparently. Clean, well-lit, decluttered spaces attract significantly more buyer interest.","listing, property resale, selling","attractive, carpet area, listing, make, more, rera"
kb-168,168,Selling & Listing,,How much token or advance should I take from a buyer?,Buyer se token ya advance kitna lena chahiye?,Token amount aam taur par chhota hota hai (property value ka 1-5% ke aaspaas) aur written receipt ke saath lena chahiye jisme condition likhi ho ki kab refundable hai aur kab forfeit. Cash ke bajaye bank transfer ko prefer karein.,"A preliminary token amount typically ranges between 1% to 5% of property valuation, formalized with a written receipt specifying validity period and refund/forfeiture conditions. Accept funds through traceable banking channels rather than cash.","listing, property resale, selling","advance, buyer, from, much, take, token"
kb-169,169,Selling & Listing,L,How do I sell a property that has a tenant?,Tenant wali property kaise bechein?,Tenant ke agreement aur notice period check karein aur buyer ko clearly batayein. Aap tenant ke saath property bech sakte hain (investor buyers ke liye) ya tenant ko notice dekar khali karwayein. Tenant ka rent/deposit transfer ka process agreement me likhwayein.,Review existing tenancy agreement terms and notice period covenants. You can sell tenanted property directly to property investors (who take over lease assignments) or serve lawful advance notice on the tenant to vacate before executing the sale.,"lawyer-verification, legal, listing, property resale, selling","has, notice period, property, sell, tenant, that"
kb-170,170,Selling & Listing,F,How do I sell a property that has an active home loan?,Loan chalu ho aur property bechni ho to kya karein?,"Bank se foreclosure statement lein, buyer ke paisa se loan close karwayein (ya buyer ka bank loan takeover kare) aur original property documents wapas lein. Loan closure aur NOC ke baad hi sale deed register karwayein.","Obtain an official loan outstanding and foreclosure statement from your lender. The buyer (or the buyer's home loan bank) pays off your outstanding balance directly to close the loan, releasing original title deeds and bank NOC prior to executing the new Sale Deed.","bank-advisory, finance, listing, property resale, selling","active, has, home, loan, property, sell, that"
kb-171,171,Selling & Listing,L,What if there are multiple owners of the property?,Property ke multiple owners hon to bechne me kya dhyan rakhein?,Sabhi co-owners ki written consent aur sale deed par signatures zaroori hoti hain. Kisi ek owner ki objection par sale ruk sakti hai. Share ka clear division aur legal heirs ka issue pehle solve karwa lein.,All co-owners must grant unanimous written consent and personally sign the Agreement for Sale and final registered Sale Deed. A single co-owner's objection can stall the transaction. Resolve any partition or legal heir disputes prior to listing.,"lawyer-verification, legal, listing, property resale, selling","multiple, owners, property"
kb-172,172,Selling & Listing,L,Can legal heirs sell an inherited property?,Legal heirs inherited property bech sakte hain?,"Haan, agar sabhi legal heirs ki consent ho aur documents (legal heir certificate, will/probate, mutation) clear hon. Sale se pehle title clear karwana aur buyer ko poori documentation dena zaroori hai, warna deal ruk sakti hai.","Yes, legal heirs can sell inherited property provided all heirs execute unanimous consent and maintain undisputed succession records (Legal Heir Certificate, Succession Certificate, Probated Will, and updated revenue mutation records).","lawyer-verification, legal, listing, property resale, selling","heirs, inherited, legal, mutation, property, sell"
kb-173,173,Selling & Listing,,How long does it take to sell a property?,Property bechne me kitna time lagta hai?,"Ye price, location aur demand par depend karta hai. Aam taur par 2-6 mahine ya kabhi usse zyada. Sahi price, clear documents aur achhi listing se time kam ho sakta hai.","Selling residential property in India typically takes between 2 to 6 months depending on pricing, location, title clarity, and market liquidity. Realistic pricing and organized paperwork significantly compress closing turnaround.","listing, property resale, selling","does, long, property, sell, take"
kb-174,174,Selling & Listing,T,Is TDS deducted on selling a property?,Property bechne par TDS kata jata hai?,Agar sale value 50 lakh se zyada hai to buyer 1% TDS kaat kar government ko jama karta hai (resident seller ke case me). Seller ko is TDS ka credit apne PAN me milta hai. NRI seller par TDS rules alag aur zyada hote hain.,"If the sale consideration exceeds ₹50 Lakh, the buyer is legally mandated to deduct 1% TDS under Section 194-IA from payments to a resident seller and deposit it with the Income Tax department. The seller receives full credit against their PAN. For NRI sellers, higher TDS rates apply.","ca-consultation, listing, property resale, selling, tax","deducted, property, selling, tds"
kb-175,175,After Purchase & Society,,What should I do after taking possession of my home?,Possession lene ke baad kya-kya karna chahiye?,"Mutation/khata transfer, electricity-water-gas connection apne naam par karwayein, property tax registration, society membership aur home insurance karwayein. Saare documents ki copies safe rakhein aur possession letter sambhal kar rakhein.","Post-possession checklist: 1) Apply for Municipal Khata / Mutation transfer, 2) Transfer electricity, water, and piped gas meters to your name, 3) Update property tax registration, 4) Enroll as an official member of the housing society / RWA, 5) Secure comprehensive home insurance, and 6) Safely store all registered deeds and possession certificates.","after purchase, maintenance, society","after, home, home insurance, khata, mutation, possession, property tax, registration, taking"
kb-176,176,After Purchase & Society,,What are maintenance charges and what do they cover?,Maintenance charges kya hote hain aur kis-kis ke liye hote hain?,"Ye monthly/quarterly charges society ya builder lete hain common areas ki safai, security, lift, water, common area electricity, gardening aur repairs ke liye. Rate flat area ya fixed rate par hota hai aur project ke amenities par depend karta hai.","Maintenance charges are recurring monthly or quarterly levies paid to the housing society or developer to fund 24/7 security, housekeeping of common lobbies, elevator servicing, common electricity, water supply, landscaping, and routine shared facility repairs.","after purchase, maintenance, society","and, charges, cover, fixed rate, maintenance, they"
kb-177,177,After Purchase & Society,,What are sinking fund and corpus fund?,Sinking fund aur corpus fund kya hote hain?,Ye society ke long-term funds hote hain jo major repairs aur future expenses ke liye jama kiye jate hain. Corpus fund aam taur par possession ke time ek-baar builder lete hain aur sinking fund monthly maintenance ke saath hota hai. Iska use kaise hoga ye society ke rules me likha hota hai.,"Sinking and corpus funds are long-term society reserves earmarked for capital expenditures and structural overhauls (such as exterior painting, elevator replacements, and structural waterproofing). Corpus funds are typically contributed upfront at possession, while sinking funds are collected through monthly maintenance bills.","after purchase, maintenance, society","and, corpus, corpus fund, fund, sinking, sinking fund"
kb-178,178,After Purchase & Society,L,What is a conveyance deed and society formation?,Conveyance deed aur society formation kya hota hai?,Building complete hone ke baad builder ko society/association banwa kar land aur building ka conveyance deed society ke naam registered karwana hota hai. Isse ownership residents ki society ko transfer hoti hai. Builder na kare to RERA ya state ke provisions (jaise deemed conveyance) ka use kiya ja sakta hai.,"Conveyance deed is the registered legal instrument through which the developer transfers ownership of the land and building structure to the registered cooperative housing society or association of apartment owners. If the developer defaults, societies can pursue statutory remedies like Deemed Conveyance.","after purchase, lawyer-verification, legal, maintenance, society","and, conveyance, conveyance deed, deed, formation, rera, society"
kb-179,179,After Purchase & Society,,Should I take home insurance?,Kya home insurance lena chahiye?,"Haan, kam premium me aag, chori, flood, earthquake jaise risks se structure aur contents cover ho jate hain. Loan ho to lender bhi insurance ki salah dete hain. Policy me kya cover aur kya exclude hai ye dhyan se padhein.","Yes, home insurance provides comprehensive financial protection against fire, theft, natural calamities (earthquakes, floods), and structural damage at nominal annual premiums. Review coverage terms, replacement cost clauses, and exclusions carefully.","after purchase, maintenance, society","home, home insurance, insurance, take"
kb-180,180,After Purchase & Society,,How do I pay property tax?,Property tax kaise pay karein?,"Apne city ke municipal corporation ki official website ya app par property ID/number se online pay kar sakte hain, ya designated bank/office me. Receipts safe rakhein aur due dates par time se pay karein taaki penalty na lage.","Pay property tax online via your local municipal corporation's official portal using your unique Property Tax ID / Assessment Number, or at designated citizen facilitation centers and banks. Retain digital receipts safely, as tax clearance is essential for resale and loans.","after purchase, maintenance, society","pay, property, property tax, tax"
kb-181,181,After Purchase & Society,,How can I resolve parking or common-area disputes in my society?,Society me parking ya common-area dispute ho to kya karein?,"Pehle society managing committee se written complaint karein, phir general body meeting ya bye-laws ke tahat resolution try karein. Na sulajhe to state cooperative society registrar, RERA (builder-related) ya civil court ka option hai. Documents aur photos ka record rakhein.","Submit a written grievance to the Society Managing Committee citing registered bye-laws. If unresolved at the general body meeting (AGM), you can escalate to the Registrar of Cooperative Societies, local RERA authority (for builder-allotted parking issues), or competent civil courts.","after purchase, maintenance, society","area, common, disputes, parking, rera, resolve, rk, society"
kb-182,182,After Purchase & Society,,How can I increase my property's resale value?,Property ki resale value kaise badha sakte hain?,"Regular maintenance, clean documentation (OC, tax receipts), timely painting/repairs, energy-efficient upgrades aur neighbourhood infrastructure se value badhti hai. Kitchen/bathroom refresh aur society ke amenities ka maintain hona bhi buyers ko attract karta hai.","Enhance resale value through periodic maintenance, fresh interior painting, modern kitchen and bathroom fittings, preserving complete documentation (OC, tax receipts, clear title), and ensuring the society maintains common infrastructure and green landscaping.","after purchase, maintenance, society","increase, property, resale, value"
kb-183,183,INDSTATE Platform,P,How do I search for properties on INDSTATE?,INDSTATE par property kaise search karein?,"Homepage par apna State/UT, City, Locality aur BHK/property type select karke Search dabayein. Aap Buy, Rent, PG & Co-Living, Commercial aur Plots/Land tabs me se choose kar sakte hain aur baad me price, area aur dusre filters se list narrow kar sakte hain.","On the INDSTATE homepage, select your State/UT, City, Locality, and BHK / property type, then click Search. You can toggle across Buy, Rent, PG & Co-Living, Commercial, and Plots/Land tabs, and narrow listings using granular filters for price, carpet area, and verified status.","features, indstate platform, indstate-verified, platform, support","indstate, plot, properties, rk, search"
kb-184,184,INDSTATE Platform,P,What types of properties are listed on INDSTATE?,INDSTATE par kaun-kaun si properties milti hain?,"Apartments, villas, builder floors, commercial office/retail spaces, plots aur PG/co-living options 28 states aur 8 Union Territories me listed hote hain. Har listing me price INR (Rs) me, area aur location details diye jate hain.","INDSTATE lists verified apartments, independent villas, builder floors, commercial office spaces, retail shops, residential plots, and PG/co-living accommodations across 28 Indian States and 8 Union Territories. Every listing clearly specifies INR (₹) pricing, usable carpet area, and exact locality.","features, indstate platform, indstate-verified, platform, support","indstate, listed, plot, properties, types, villa"
kb-185,185,INDSTATE Platform,P,How do I list or post my property on INDSTATE?,INDSTATE par apni property kaise list karein?,"Account me login karke Post Property par click karein, property details (type, location, price, area, photos, RERA number jahan applicable ho) bharein aur submit karein. Listing review ke baad live hoti hai (process aur timeline platform policy par depend karta hai). Exact requirements ke liye support se confirm karein.","Log into your INDSTATE account, click 'Post Property', enter property specifications (type, city, locality, price, usable carpet area, photos, and mandatory RERA registration number where applicable), and submit. Listings undergo platform verification before going live.","features, indstate platform, indstate-verified, platform, support","indstate, list, post, property, rera, rera number, rk"
kb-186,186,INDSTATE Platform,P,Does INDSTATE charge brokerage?,Kya INDSTATE brokerage leta hai?,"INDSTATE Zero Brokerage Direct model highlight karta hai, yaani verified owners aur builders se seedha connect karne par focus. Kisi specific listing, service ya agent ke charges ke liye listing details ya support team se confirm karein.","INDSTATE operates on a Zero Brokerage Direct model, connecting homebuyers and tenants directly with verified individual owners and builders without charging commission. For dedicated services (like verified agent assistance or escorted site visits), check individual listing terms.","features, indstate platform, indstate-verified, platform, support","brokerage, charge, does, indstate, zero brokerage"
kb-187,187,INDSTATE Platform,P,What does RERA verified mean on INDSTATE?,INDSTATE par RERA verified ka kya matlab hai?,Iska matlab hai ki listing me diya gaya RERA registration number platform ki verification process se guzra hai. Fir bhi final confirmation ke liye aap apne state ki official RERA website par bhi number verify kar sakte hain.,"A 'RERA Verified' tag on INDSTATE indicates that our compliance team has verified the developer's declared RERA registration number, sanctioned approvals, and promoter credentials against official state RERA records. Buyers are also encouraged to cross-check records on the state portal.","features, indstate platform, indstate-verified, platform, support","does, indstate, mean, registration, rera, verified"
kb-188,188,INDSTATE Platform,P,How do I use the EMI Calculator on INDSTATE?,INDSTATE ka EMI Calculator kaise use karein?,"Menu se EMI Calculator kholein, loan amount, interest rate aur tenure daalein aur monthly EMI, total interest aur total payment turant dekhein. Bank ke actual rates alag ho sakte hain, isliye ye indicative estimate maane.","Open the EMI Calculator from the INDSTATE menu, input your desired loan amount, interest rate, and tenure in years/months. The tool instantly calculates your monthly EMI, total interest payable, and comprehensive loan amortization breakdown.","features, indstate platform, indstate-verified, platform, support","calculator, emi, emi calculator, indstate, interest rate, tenure, use"
kb-189,189,INDSTATE Platform,P,How can I compare properties on INDSTATE?,INDSTATE par properties compare kaise karein?,"Property card par compare (scale) icon dabakar 2-3 properties select karein aur Compare page par price, area, BHK, location aur amenities side-by-side dekhein. Isse decision lena aasan hota hai.","Click the compare (scale) icon on any property card to select 2 to 3 properties, then view the Compare Page to inspect price, carpet area, configuration, RERA status, locality, and amenities side-by-side for seamless decision making.","features, indstate platform, indstate-verified, platform, support","compare, indstate, properties"
kb-190,190,INDSTATE Platform,P,How do I save properties I like?,Pasand ki properties save kaise karein?,Property card par heart (favourite) icon dabayein. Saved properties aap apne Dashboard me baad me dekh sakte hain. Isse account me login hona zaroori ho sakta hai.,Click the heart (favourite) icon on any property card to bookmark properties you like. You can access all bookmarked properties anytime within your INDSTATE user dashboard when logged into your account.,"features, indstate platform, indstate-verified, platform, support","dashboard, like, properties, save"
kb-191,191,INDSTATE Platform,P,How can I contact the owner or agent of a listing?,Listing ke owner ya agent se kaise contact karein?,"Property card ya detail page par Details se contact options dekhein, ya WhatsApp (WA) button se seedha chat karein. Aap chatbot ke through bhi callback ya agent connect request kar sakte hain.","On any property card or detail view, click 'Details' to view owner/builder contact options, or click the WhatsApp button to initiate a direct chat. You can also ask our AI chatbot to request a callback or connect you with a verified property advisor.","features, indstate platform, indstate-verified, platform, support","agent, contact, listing, owner"
kb-192,192,INDSTATE Platform,P,Can I schedule a site visit through INDSTATE?,Kya INDSTATE se site visit book ho sakti hai?,"Haan, aap listing page se ya chatbot ko batakar site visit ka preferred date/time de sakte hain, aur team ya agent aapko confirm karega. Site visit ki availability aur escort service city aur property par depend kar sakti hai.","Yes, you can schedule a free site visit directly from the listing page or by requesting our chatbot with your preferred date and time. An INDSTATE verified advisor or partner will confirm your appointment and provide an escorted walkthrough.","features, indstate platform, indstate-verified, platform, support","indstate, schedule, site, site visit, through, visit"
kb-193,193,INDSTATE Platform,P,What is the Verified Agents section?,Verified Agents section kya hai?,"Yahan RERA-certified aur platform-verified agents ke profiles milte hain. Aap unke listings, experience aur contact details dekh kar sahi agent se connect kar sakte hain. Kisi bhi agent ko hire karne se pehle uska RERA number bhi verify kar lein.","The Verified Agents section features profiles of RERA-licensed and platform-vetted real estate advisors. You can review their active listings, transaction experience, and client ratings to connect with the right professional for your area.","features, indstate platform, indstate-verified, platform, support","agents, rera, rera number, section, verified, verified agent"
kb-194,194,INDSTATE Platform,P,Where can I read real estate news and guides on INDSTATE?,INDSTATE par real estate news aur guides kahan padhein?,"Menu me Market News aur homepage ke blog section me RERA, home loans, market trends aur buying guides ke articles milte hain. Naye articles aur market alerts ke liye newsletter par bhi subscribe kar sakte hain.","Access Market News from the navigation menu and browse our real estate blog for verified guides on RERA legal updates, home loan interest rate trends, city price indices, and buying checklists. You can also subscribe to our newsletter for periodic alerts.","features, indstate platform, indstate-verified, platform, support","and, estate, guides, indstate, news, read, real, rera, rk"
kb-195,195,INDSTATE Platform,P,How do I get market alerts from INDSTATE?,Market alerts kaise milenge?,"Footer me Indian Market Alerts section me apna email daal kar subscribe karein. Isse infrastructure, new RERA launches aur interest rate trends ke updates milte hain. Aap kabhi bhi unsubscribe kar sakte hain.","Enter your email address in the 'Indian Market Alerts' section located in the website footer. You will receive curated notifications regarding infrastructure developments, new RERA project launches, and mortgage interest rate revisions. You can unsubscribe anytime.","features, indstate platform, indstate-verified, platform, support","alerts, from, get, indstate, interest rate, market, rera, rk"
kb-196,196,INDSTATE Platform,P,How can I contact INDSTATE customer support?,INDSTATE customer support se kaise contact karein?,"Website par diye gaye toll-free number aur support email par sampark karein, ya yahi chatbot se agent connect ka option choose karein. Working hours aur response time ke liye contact page par dekhein.","Reach INDSTATE customer support via our toll-free helpline (1800 208 4000), email helpdesk@indstate.in, or request an instant callback through this chatbot. Operating hours and regional hub contact details are available on the Contact page.","features, indstate platform, indstate-verified, platform, support","contact, customer, indstate, rk, support"
kb-197,197,INDSTATE Platform,P,What can I do from my INDSTATE dashboard?,INDSTATE dashboard me kya-kya kar sakte hain?,"Dashboard me aap saved properties, inquiries, aur (agar aap owner/agent hain) apni listings manage kar sakte hain. Features account type (buyer/owner/agent) ke hisab se alag ho sakte hain.","Your INDSTATE dashboard lets you manage bookmarked properties, track submitted inquiries and site visits, and (for owners/agents) view listing performance analytics, edit property details, and handle incoming lead inquiries.","features, indstate platform, indstate-verified, platform, support","dashboard, from, indstate"
kb-198,198,INDSTATE Platform,P,How do I report a suspicious listing on INDSTATE?,Suspicious ya fake listing kaise report karein?,Listing ke page par report option ya support/chatbot ke through listing ka link aur reason bhejein. Team review karke action leti hai. Tab tak advance ya token na dein aur payment sirf verified banking channel se karein.,Click 'Report Property' on any suspicious listing page or inform our support team/chatbot with the listing URL and reason. Our trust and safety team will investigate and take down unverified or deceptive listings.,"features, indstate platform, indstate-verified, platform, support","advance, indstate, listing, report, rk, suspicious, token"
kb-199,199,INDSTATE Platform,P,What is the refund or cancellation policy on INDSTATE bookings?,INDSTATE par booking cancel karne par refund policy kya hai?,"Property booking aur token amount aam taur par owner ya builder ke saath agreement par depend karte hain, INDSTATE sirf listing aur connect karta hai. Platform ki koi service fee ya policy ho to uski exact details support team se confirm karein.","Direct property booking and token deposits are governed by the contractual terms between the buyer and property owner/developer; INDSTATE acts as a discovery and verification platform. For any INDSTATE premium assisted services, review platform terms on the support portal.","features, indstate platform, indstate-verified, platform, support","bookings, cancellation, indstate, policy, refund, token"
kb-200,200,INDSTATE Platform,P,How does INDSTATE use my personal data?,INDSTATE mera personal data kaise use karta hai?,"Aapki details (naam, contact, preferences) property enquiry aur support ke liye use hoti hain. Detailed privacy terms ke liye website ka Privacy Policy dekhein, aur data se related request ke liye support se sampark karein.","INDSTATE uses your personal information (name, contact number, preferences) strictly to facilitate verified property inquiries, coordinate site visits, and deliver customer support. We adhere to stringent privacy standards detailed in our official Privacy Policy.","features, indstate platform, indstate-verified, platform, support","data, does, indstate, personal, rk, use"
